experiment,run,seed,split,corruption,task,model,auc,closure_auc,closure_delta_vs_best_nonclosure,best_nonclosure,steps,n,dim,hidden,iters,params,rel_mode,directed,use_memory,memory_slots,memory_beta,memory_strength
per_graph,karate,0,karate,IN,edge,raw,0.8393783810150205,0.8194921219793119,-0.0942927355184775,deep_big,120,32,48,64,5,-1,raw,0,1,16,2.0,0.2
per_graph,karate,0,karate,IN,path2,raw,0.704447974669277,0.5919402024657954,-0.1510683929572193,jaccard,120,32,48,64,5,-1,raw,0,1,16,2.0,0.2
per_graph,karate,0,karate,IN,comm,raw,0.6185354586587508,0.6829391868473864,0.04510840647747594,jaccard,120,32,48,64,5,-1,raw,0,1,16,2.0,0.2
per_graph,karate,0,karate,IN,edge,cn,0.6501864023010571,0.8194921219793119,-0.0942927355184775,deep_big,120,32,48,64,5,-1,raw,0,1,16,2.0,0.2
per_graph,karate,0,karate,IN,path2,cn,0.7392833518972,0.5919402024657954,-0.1510683929572193,jaccard,120,32,48,64,5,-1,raw,0,1,16,2.0,0.2
per_graph,karate,0,karate,IN,comm,cn,0.6176077729529525,0.6829391868473864,0.04510840647747594,jaccard,120,32,48,64,5,-1,raw,0,1,16,2.0,0.2
per_graph,karate,0,karate,IN,edge,jaccard,0.5538172544663228,0.8194921219793119,-0.0942927355184775,deep_big,120,32,48,64,5,-1,raw,0,1,16,2.0,0.2
per_graph,karate,0,karate,IN,path2,jaccard,0.7430085954230147,0.5919402024657954,-0.1510683929572193,jaccard,120,32,48,64,5,-1,raw,0,1,16,2.0,0.2
per_graph,karate,0,karate,IN,comm,jaccard,0.6378307803699105,0.6829391868473864,0.04510840647747594,jaccard,120,32,48,64,5,-1,raw,0,1,16,2.0,0.2
per_graph,karate,0,karate,IN,edge,spectral,0.5577744542384829,0.8194921219793119,-0.0942927355184775,deep_big,120,32,48,64,5,-1,raw,0,1,16,2.0,0.2
per_graph,karate,0,karate,IN,path2,spectral,0.711215953130308,0.5919402024657954,-0.1510683929572193,jaccard,120,32,48,64,5,-1,raw,0,1,16,2.0,0.2
per_graph,karate,0,karate,IN,comm,spectral,0.6185354586587508,0.6829391868473864,0.04510840647747594,jaccard,120,32,48,64,5,-1,raw,0,1,16,2.0,0.2
per_graph,karate,0,karate,IN,edge,pair,0.8393783810150205,0.8194921219793119,-0.0942927355184775,deep_big,120,32,48,64,5,4483,raw,0,1,16,2.0,0.2
per_graph,karate,0,karate,IN,path2,pair,0.5507034372514114,0.5919402024657954,-0.1510683929572193,jaccard,120,32,48,64,5,4483,raw,0,1,16,2.0,0.2
per_graph,karate,0,karate,IN,comm,pair,0.5907872518921774,0.6829391868473864,0.04510840647747594,jaccard,120,32,48,64,5,4483,raw,0,1,16,2.0,0.2
per_graph,karate,0,karate,IN,edge,deep,0.8996502990005256,0.8194921219793119,-0.0942927355184775,deep_big,120,32,48,64,5,9347,raw,0,1,16,2.0,0.2
per_graph,karate,0,karate,IN,path2,deep,0.4990763693320782,0.5919402024657954,-0.1510683929572193,jaccard,120,32,48,64,5,9347,raw,0,1,16,2.0,0.2
per_graph,karate,0,karate,IN,comm,deep,0.568861431196636,0.6829391868473864,0.04510840647747594,jaccard,120,32,48,64,5,9347,raw,0,1,16,2.0,0.2
per_graph,karate,0,karate,IN,edge,deep_big,0.9137848574977894,0.8194921219793119,-0.0942927355184775,deep_big,120,32,48,64,5,51587,raw,0,1,16,2.0,0.2
per_graph,karate,0,karate,IN,path2,deep_big,0.6016342001927301,0.5919402024657954,-0.1510683929572193,jaccard,120,32,48,64,5,51587,raw,0,1,16,2.0,0.2
per_graph,karate,0,karate,IN,comm,deep_big,0.5705447089648836,0.6829391868473864,0.04510840647747594,jaccard,120,32,48,64,5,51587,raw,0,1,16,2.0,0.2
per_graph,karate,0,karate,IN,edge,gcn,0.8823432351770322,0.8194921219793119,-0.0942927355184775,deep_big,120,32,48,64,5,29507,raw,0,1,16,2.0,0.2
per_graph,karate,0,karate,IN,path2,gcn,0.6043234295395803,0.5919402024657954,-0.1510683929572193,jaccard,120,32,48,64,5,29507,raw,0,1,16,2.0,0.2
per_graph,karate,0,karate,IN,comm,gcn,0.5469520419956932,0.6829391868473864,0.04510840647747594,jaccard,120,32,48,64,5,29507,raw,0,1,16,2.0,0.2
per_graph,karate,0,karate,IN,edge,closure,0.8194921219793119,0.8194921219793119,-0.0942927355184775,deep_big,120,32,48,64,5,73331,raw,0,1,16,2.0,0.2
per_graph,karate,0,karate,IN,path2,closure,0.5919402024657954,0.5919402024657954,-0.1510683929572193,jaccard,120,32,48,64,5,73331,raw,0,1,16,2.0,0.2
per_graph,karate,0,karate,IN,comm,closure,0.6829391868473864,0.6829391868473864,0.04510840647747594,jaccard,120,32,48,64,5,73331,raw,0,1,16,2.0,0.2
per_graph,karate,0,karate,IN,edge,closure_no_tri,0.8725814629901785,0.8194921219793119,-0.0942927355184775,deep_big,120,32,48,64,5,67187,raw,0,1,16,2.0,0.2
per_graph,karate,0,karate,IN,path2,closure_no_tri,0.5018068657492528,0.5919402024657954,-0.1510683929572193,jaccard,120,32,48,64,5,67187,raw,0,1,16,2.0,0.2
per_graph,karate,0,karate,IN,comm,closure_no_tri,0.554316609944407,0.6829391868473864,0.04510840647747594,jaccard,120,32,48,64,5,67187,raw,0,1,16,2.0,0.2
per_graph,karate,0,karate,IN,edge,closure_no_mem,0.8427786809989708,0.8194921219793119,-0.0942927355184775,deep_big,120,32,48,64,5,60275,raw,0,1,16,2.0,0.2
per_graph,karate,0,karate,IN,path2,closure_no_mem,0.6695125462671556,0.5919402024657954,-0.1510683929572193,jaccard,120,32,48,64,5,60275,raw,0,1,16,2.0,0.2
per_graph,karate,0,karate,IN,comm,closure_no_mem,0.66577137618036,0.6829391868473864,0.04510840647747594,jaccard,120,32,48,64,5,60275,raw,0,1,16,2.0,0.2
per_graph,karate,0,karate,IN,edge,closure_i1,0.873780585499753,0.8194921219793119,-0.0942927355184775,deep_big,120,32,48,64,5,-1,raw,0,1,16,2.0,0.2
per_graph,karate,0,karate,IN,path2,closure_i1,0.6583431628909865,0.5919402024657954,-0.1510683929572193,jaccard,120,32,48,64,5,-1,raw,0,1,16,2.0,0.2
per_graph,karate,0,karate,IN,comm,closure_i1,0.5432267035138023,0.6829391868473864,0.04510840647747594,jaccard,120,32,48,64,5,-1,raw,0,1,16,2.0,0.2
per_graph,karate,0,karate,IN,edge,closure_i2,0.8854065941003944,0.8194921219793119,-0.0942927355184775,deep_big,120,32,48,64,5,-1,raw,0,1,16,2.0,0.2
per_graph,karate,0,karate,IN,path2,closure_i2,0.6907245434928229,0.5919402024657954,-0.1510683929572193,jaccard,120,32,48,64,5,-1,raw,0,1,16,2.0,0.2
per_graph,karate,0,karate,IN,comm,closure_i2,0.5895265115171422,0.6829391868473864,0.04510840647747594,jaccard,120,32,48,64,5,-1,raw,0,1,16,2.0,0.2
per_graph,karate,0,karate,IN,edge,closure_i3,0.8214696145288843,0.8194921219793119,-0.0942927355184775,deep_big,120,32,48,64,5,-1,raw,0,1,16,2.0,0.2
per_graph,karate,0,karate,IN,path2,closure_i3,0.5097952861343805,0.5919402024657954,-0.1510683929572193,jaccard,120,32,48,64,5,-1,raw,0,1,16,2.0,0.2
per_graph,karate,0,karate,IN,comm,closure_i3,0.6766176151140351,0.6829391868473864,0.04510840647747594,jaccard,120,32,48,64,5,-1,raw,0,1,16,2.0,0.2
per_graph,karate,0,karate,IN,edge,closure_i5,0.8194921219793119,0.8194921219793119,-0.0942927355184775,deep_big,120,32,48,64,5,-1,raw,0,1,16,2.0,0.2
per_graph,karate,0,karate,IN,path2,closure_i5,0.5919402024657954,0.5919402024657954,-0.1510683929572193,jaccard,120,32,48,64,5,-1,raw,0,1,16,2.0,0.2
per_graph,karate,0,karate,IN,comm,closure_i5,0.6829391868473864,0.6829391868473864,0.04510840647747594,jaccard,120,32,48,64,5,-1,raw,0,1,16,2.0,0.2
per_graph,karate,0,karate,OOD,edge,raw,0.6894616638064717,0.6711933894057541,-0.1018778190114884,deep_big,120,32,48,64,5,-1,raw,0,1,16,2.0,0.2
per_graph,karate,0,karate,OOD,path2,raw,0.5549914371403111,0.553629748413248,-0.03369429818591052,cn,120,32,48,64,5,-1,raw,0,1,16,2.0,0.2
per_graph,karate,0,karate,OOD,comm,raw,0.5321945589348888,0.5851587981598676,0.033689403430999576,pair,120,32,48,64,5,-1,raw,0,1,16,2.0,0.2
per_graph,karate,0,karate,OOD,edge,cn,0.5984936446968522,0.6711933894057541,-0.1018778190114884,deep_big,120,32,48,64,5,-1,raw,0,1,16,2.0,0.2
per_graph,karate,0,karate,OOD,path2,cn,0.5873240465991585,0.553629748413248,-0.03369429818591052,cn,120,32,48,64,5,-1,raw,0,1,16,2.0,0.2
per_graph,karate,0,karate,OOD,comm,cn,0.5319972700016168,0.5851587981598676,0.033689403430999576,pair,120,32,48,64,5,-1,raw,0,1,16,2.0,0.2
per_graph,karate,0,karate,OOD,edge,jaccard,0.5380290408883169,0.6711933894057541,-0.1018778190114884,deep_big,120,32,48,64,5,-1,raw,0,1,16,2.0,0.2
per_graph,karate,0,karate,OOD,path2,jaccard,0.5827912377066109,0.553629748413248,-0.03369429818591052,cn,120,32,48,64,5,-1,raw,0,1,16,2.0,0.2
per_graph,karate,0,karate,OOD,comm,jaccard,0.538896442108328,0.5851587981598676,0.033689403430999576,pair,120,32,48,64,5,-1,raw,0,1,16,2.0,0.2
per_graph,karate,0,karate,OOD,edge,spectral,0.5369018852083952,0.6711933894057541,-0.1018778190114884,deep_big,120,32,48,64,5,-1,raw,0,1,16,2.0,0.2
per_graph,karate,0,karate,OOD,path2,spectral,0.5697077079715904,0.553629748413248,-0.03369429818591052,cn,120,32,48,64,5,-1,raw,0,1,16,2.0,0.2
per_graph,karate,0,karate,OOD,comm,spectral,0.5321945589348888,0.5851587981598676,0.033689403430999576,pair,120,32,48,64,5,-1,raw,0,1,16,2.0,0.2
per_graph,karate,0,karate,OOD,edge,pair,0.6894616638064717,0.6711933894057541,-0.1018778190114884,deep_big,120,32,48,64,5,4483,raw,0,1,16,2.0,0.2
per_graph,karate,0,karate,OOD,path2,pair,0.5285834679305658,0.553629748413248,-0.03369429818591052,cn,120,32,48,64,5,4483,raw,0,1,16,2.0,0.2
per_graph,karate,0,karate,OOD,comm,pair,0.551469394728868,0.5851587981598676,0.033689403430999576,pair,120,32,48,64,5,4483,raw,0,1,16,2.0,0.2
per_graph,karate,0,karate,OOD,edge,deep,0.7441461727599712,0.6711933894057541,-0.1018778190114884,deep_big,120,32,48,64,5,9347,raw,0,1,16,2.0,0.2
per_graph,karate,0,karate,OOD,path2,deep,0.499118905408014,0.553629748413248,-0.03369429818591052,cn,120,32,48,64,5,9347,raw,0,1,16,2.0,0.2
per_graph,karate,0,karate,OOD,comm,deep,0.5448639945435955,0.5851587981598676,0.033689403430999576,pair,120,32,48,64,5,9347,raw,0,1,16,2.0,0.2
per_graph,karate,0,karate,OOD,edge,deep_big,0.7730712084172425,0.6711933894057541,-0.1018778190114884,deep_big,120,32,48,64,5,51587,raw,0,1,16,2.0,0.2
per_graph,karate,0,karate,OOD,path2,deep_big,0.556205990452016,0.553629748413248,-0.03369429818591052,cn,120,32,48,64,5,51587,raw,0,1,16,2.0,0.2
per_graph,karate,0,karate,OOD,comm,deep_big,0.5443630619456178,0.5851587981598676,0.033689403430999576,pair,120,32,48,64,5,51587,raw,0,1,16,2.0,0.2
per_graph,karate,0,karate,OOD,edge,gcn,0.771416500357951,0.6711933894057541,-0.1018778190114884,deep_big,120,32,48,64,5,29507,raw,0,1,16,2.0,0.2
per_graph,karate,0,karate,OOD,path2,gcn,0.5638276821363906,0.553629748413248,-0.03369429818591052,cn,120,32,48,64,5,29507,raw,0,1,16,2.0,0.2
per_graph,karate,0,karate,OOD,comm,gcn,0.534415891442956,0.5851587981598676,0.033689403430999576,pair,120,32,48,64,5,29507,raw,0,1,16,2.0,0.2
per_graph,karate,0,karate,OOD,edge,closure,0.6711933894057541,0.6711933894057541,-0.1018778190114884,deep_big,120,32,48,64,5,73331,raw,0,1,16,2.0,0.2
per_graph,karate,0,karate,OOD,path2,closure,0.553629748413248,0.553629748413248,-0.03369429818591052,cn,120,32,48,64,5,73331,raw,0,1,16,2.0,0.2
per_graph,karate,0,karate,OOD,comm,closure,0.5851587981598676,0.5851587981598676,0.033689403430999576,pair,120,32,48,64,5,73331,raw,0,1,16,2.0,0.2
per_graph,karate,0,karate,OOD,edge,closure_no_tri,0.7337750457381784,0.6711933894057541,-0.1018778190114884,deep_big,120,32,48,64,5,67187,raw,0,1,16,2.0,0.2
per_graph,karate,0,karate,OOD,path2,closure_no_tri,0.5082366846977776,0.553629748413248,-0.03369429818591052,cn,120,32,48,64,5,67187,raw,0,1,16,2.0,0.2
per_graph,karate,0,karate,OOD,comm,closure_no_tri,0.5374772544101446,0.5851587981598676,0.033689403430999576,pair,120,32,48,64,5,67187,raw,0,1,16,2.0,0.2
per_graph,karate,0,karate,OOD,edge,closure_no_mem,0.6960873370811207,0.6711933894057541,-0.1018778190114884,deep_big,120,32,48,64,5,60275,raw,0,1,16,2.0,0.2
per_graph,karate,0,karate,OOD,path2,closure_no_mem,0.5578935203678175,0.553629748413248,-0.03369429818591052,cn,120,32,48,64,5,60275,raw,0,1,16,2.0,0.2
per_graph,karate,0,karate,OOD,comm,closure_no_mem,0.5816495303800464,0.5851587981598676,0.033689403430999576,pair,120,32,48,64,5,60275,raw,0,1,16,2.0,0.2
per_graph,karate,0,karate,OOD,edge,closure_i1,0.7356363651399079,0.6711933894057541,-0.1018778190114884,deep_big,120,32,48,64,5,-1,raw,0,1,16,2.0,0.2
per_graph,karate,0,karate,OOD,path2,closure_i1,0.5722519438692165,0.553629748413248,-0.03369429818591052,cn,120,32,48,64,5,-1,raw,0,1,16,2.0,0.2
per_graph,karate,0,karate,OOD,comm,closure_i1,0.5258145418514969,0.5851587981598676,0.033689403430999576,pair,120,32,48,64,5,-1,raw,0,1,16,2.0,0.2
per_graph,karate,0,karate,OOD,edge,closure_i2,0.7448854074537282,0.6711933894057541,-0.1018778190114884,deep_big,120,32,48,64,5,-1,raw,0,1,16,2.0,0.2
per_graph,karate,0,karate,OOD,path2,closure_i2,0.569827483145938,0.553629748413248,-0.03369429818591052,cn,120,32,48,64,5,-1,raw,0,1,16,2.0,0.2
per_graph,karate,0,karate,OOD,comm,closure_i2,0.5520411161676798,0.5851587981598676,0.033689403430999576,pair,120,32,48,64,5,-1,raw,0,1,16,2.0,0.2
per_graph,karate,0,karate,OOD,edge,closure_i3,0.6740056976814701,0.6711933894057541,-0.1018778190114884,deep_big,120,32,48,64,5,-1,raw,0,1,16,2.0,0.2
per_graph,karate,0,karate,OOD,path2,closure_i3,0.5344465218794057,0.553629748413248,-0.03369429818591052,cn,120,32,48,64,5,-1,raw,0,1,16,2.0,0.2
per_graph,karate,0,karate,OOD,comm,closure_i3,0.5843639971007742,0.5851587981598676,0.033689403430999576,pair,120,32,48,64,5,-1,raw,0,1,16,2.0,0.2
per_graph,karate,0,karate,OOD,edge,closure_i5,0.6711933894057541,0.6711933894057541,-0.1018778190114884,deep_big,120,32,48,64,5,-1,raw,0,1,16,2.0,0.2
per_graph,karate,0,karate,OOD,path2,closure_i5,0.553629748413248,0.553629748413248,-0.03369429818591052,cn,120,32,48,64,5,-1,raw,0,1,16,2.0,0.2
per_graph,karate,0,karate,OOD,comm,closure_i5,0.5851587981598676,0.5851587981598676,0.033689403430999576,pair,120,32,48,64,5,-1,raw,0,1,16,2.0,0.2
per_graph,lesmis,0,lesmis,IN,edge,raw,0.8438295231899259,0.9116478124620331,-0.003100699184626965,deep_big,120,32,48,64,5,-1,raw,0,1,16,2.0,0.2
per_graph,lesmis,0,lesmis,IN,path2,raw,0.7360190832408939,0.6053918825641105,-0.18509303477139727,jaccard,120,32,48,64,5,-1,raw,0,1,16,2.0,0.2
per_graph,lesmis,0,lesmis,IN,comm,raw,0.6672910619717121,0.6572872744324164,-0.04552200362702352,jaccard,120,32,48,64,5,-1,raw,0,1,16,2.0,0.2
per_graph,lesmis,0,lesmis,IN,edge,cn,0.835597055285666,0.9116478124620331,-0.003100699184626965,deep_big,120,32,48,64,5,-1,raw,0,1,16,2.0,0.2
per_graph,lesmis,0,lesmis,IN,path2,cn,0.7862261355711153,0.6053918825641105,-0.18509303477139727,jaccard,120,32,48,64,5,-1,raw,0,1,16,2.0,0.2
per_graph,lesmis,0,lesmis,IN,comm,cn,0.6590949465443467,0.6572872744324164,-0.04552200362702352,jaccard,120,32,48,64,5,-1,raw,0,1,16,2.0,0.2
per_graph,lesmis,0,lesmis,IN,edge,jaccard,0.7684418125937974,0.9116478124620331,-0.003100699184626965,deep_big,120,32,48,64,5,-1,raw,0,1,16,2.0,0.2
per_graph,lesmis,0,lesmis,IN,path2,jaccard,0.7904849173355077,0.6053918825641105,-0.18509303477139727,jaccard,120,32,48,64,5,-1,raw,0,1,16,2.0,0.2
per_graph,lesmis,0,lesmis,IN,comm,jaccard,0.7028092780594399,0.6572872744324164,-0.04552200362702352,jaccard,120,32,48,64,5,-1,raw,0,1,16,2.0,0.2
per_graph,lesmis,0,lesmis,IN,edge,spectral,0.7380085580964699,0.9116478124620331,-0.003100699184626965,deep_big,120,32,48,64,5,-1,raw,0,1,16,2.0,0.2
per_graph,lesmis,0,lesmis,IN,path2,spectral,0.662356713962914,0.6053918825641105,-0.18509303477139727,jaccard,120,32,48,64,5,-1,raw,0,1,16,2.0,0.2
per_graph,lesmis,0,lesmis,IN,comm,spectral,0.6672910619717121,0.6572872744324164,-0.04552200362702352,jaccard,120,32,48,64,5,-1,raw,0,1,16,2.0,0.2
per_graph,lesmis,0,lesmis,IN,edge,pair,0.8438295231899259,0.9116478124620331,-0.003100699184626965,deep_big,120,32,48,64,5,4483,raw,0,1,16,2.0,0.2
per_graph,lesmis,0,lesmis,IN,path2,pair,0.5718043240469326,0.6053918825641105,-0.18509303477139727,jaccard,120,32,48,64,5,4483,raw,0,1,16,2.0,0.2
per_graph,lesmis,0,lesmis,IN,comm,pair,0.6527812455278404,0.6572872744324164,-0.04552200362702352,jaccard,120,32,48,64,5,4483,raw,0,1,16,2.0,0.2
per_graph,lesmis,0,lesmis,IN,edge,deep,0.8577488922422809,0.9116478124620331,-0.003100699184626965,deep_big,120,32,48,64,5,9347,raw,0,1,16,2.0,0.2
per_graph,lesmis,0,lesmis,IN,path2,deep,0.526196491458373,0.6053918825641105,-0.18509303477139727,jaccard,120,32,48,64,5,9347,raw,0,1,16,2.0,0.2
per_graph,lesmis,0,lesmis,IN,comm,deep,0.6089115235088204,0.6572872744324164,-0.04552200362702352,jaccard,120,32,48,64,5,9347,raw,0,1,16,2.0,0.2
per_graph,lesmis,0,lesmis,IN,edge,deep_big,0.91474851164666,0.9116478124620331,-0.003100699184626965,deep_big,120,32,48,64,5,51587,raw,0,1,16,2.0,0.2
per_graph,lesmis,0,lesmis,IN,path2,deep_big,0.6779027014069061,0.6053918825641105,-0.18509303477139727,jaccard,120,32,48,64,5,51587,raw,0,1,16,2.0,0.2
per_graph,lesmis,0,lesmis,IN,comm,deep_big,0.6308294415584821,0.6572872744324164,-0.04552200362702352,jaccard,120,32,48,64,5,51587,raw,0,1,16,2.0,0.2
per_graph,lesmis,0,lesmis,IN,edge,gcn,0.8610820514672174,0.9116478124620331,-0.003100699184626965,deep_big,120,32,48,64,5,29507,raw,0,1,16,2.0,0.2
per_graph,lesmis,0,lesmis,IN,path2,gcn,0.7057164437782705,0.6053918825641105,-0.18509303477139727,jaccard,120,32,48,64,5,29507,raw,0,1,16,2.0,0.2
per_graph,lesmis,0,lesmis,IN,comm,gcn,0.5611937500179496,0.6572872744324164,-0.04552200362702352,jaccard,120,32,48,64,5,29507,raw,0,1,16,2.0,0.2
per_graph,lesmis,0,lesmis,IN,edge,closure,0.9116478124620331,0.9116478124620331,-0.003100699184626965,deep_big,120,32,48,64,5,73331,raw,0,1,16,2.0,0.2
per_graph,lesmis,0,lesmis,IN,path2,closure,0.6053918825641105,0.6053918825641105,-0.18509303477139727,jaccard,120,32,48,64,5,73331,raw,0,1,16,2.0,0.2
per_graph,lesmis,0,lesmis,IN,comm,closure,0.6572872744324164,0.6572872744324164,-0.04552200362702352,jaccard,120,32,48,64,5,73331,raw,0,1,16,2.0,0.2
per_graph,lesmis,0,lesmis,IN,edge,closure_no_tri,0.8872889551198024,0.9116478124620331,-0.003100699184626965,deep_big,120,32,48,64,5,67187,raw,0,1,16,2.0,0.2
per_graph,lesmis,0,lesmis,IN,path2,closure_no_tri,0.45030029921504355,0.6053918825641105,-0.18509303477139727,jaccard,120,32,48,64,5,67187,raw,0,1,16,2.0,0.2
per_graph,lesmis,0,lesmis,IN,comm,closure_no_tri,0.6018842002584424,0.6572872744324164,-0.04552200362702352,jaccard,120,32,48,64,5,67187,raw,0,1,16,2.0,0.2
per_graph,lesmis,0,lesmis,IN,edge,closure_no_mem,0.8786090048402325,0.9116478124620331,-0.003100699184626965,deep_big,120,32,48,64,5,60275,raw,0,1,16,2.0,0.2
per_graph,lesmis,0,lesmis,IN,path2,closure_no_mem,0.7560166192740485,0.6053918825641105,-0.18509303477139727,jaccard,120,32,48,64,5,60275,raw,0,1,16,2.0,0.2
per_graph,lesmis,0,lesmis,IN,comm,closure_no_mem,0.7198845447526756,0.6572872744324164,-0.04552200362702352,jaccard,120,32,48,64,5,60275,raw,0,1,16,2.0,0.2
per_graph,lesmis,0,lesmis,IN,edge,closure_i1,0.9141424628745555,0.9116478124620331,-0.003100699184626965,deep_big,120,32,48,64,5,-1,raw,0,1,16,2.0,0.2
per_graph,lesmis,0,lesmis,IN,path2,closure_i1,0.4848062201423494,0.6053918825641105,-0.18509303477139727,jaccard,120,32,48,64,5,-1,raw,0,1,16,2.0,0.2
per_graph,lesmis,0,lesmis,IN,comm,closure_i1,0.6128251295917603,0.6572872744324164,-0.04552200362702352,jaccard,120,32,48,64,5,-1,raw,0,1,16,2.0,0.2
per_graph,lesmis,0,lesmis,IN,edge,closure_i2,0.8958364156833005,0.9116478124620331,-0.003100699184626965,deep_big,120,32,48,64,5,-1,raw,0,1,16,2.0,0.2
per_graph,lesmis,0,lesmis,IN,path2,closure_i2,0.4844996454303524,0.6053918825641105,-0.18509303477139727,jaccard,120,32,48,64,5,-1,raw,0,1,16,2.0,0.2
per_graph,lesmis,0,lesmis,IN,comm,closure_i2,0.609517728157926,0.6572872744324164,-0.04552200362702352,jaccard,120,32,48,64,5,-1,raw,0,1,16,2.0,0.2
per_graph,lesmis,0,lesmis,IN,edge,closure_i3,0.916839669735273,0.9116478124620331,-0.003100699184626965,deep_big,120,32,48,64,5,-1,raw,0,1,16,2.0,0.2
per_graph,lesmis,0,lesmis,IN,path2,closure_i3,0.42144032813084054,0.6053918825641105,-0.18509303477139727,jaccard,120,32,48,64,5,-1,raw,0,1,16,2.0,0.2
per_graph,lesmis,0,lesmis,IN,comm,closure_i3,0.6372850593805321,0.6572872744324164,-0.04552200362702352,jaccard,120,32,48,64,5,-1,raw,0,1,16,2.0,0.2
per_graph,lesmis,0,lesmis,IN,edge,closure_i5,0.9116478124620331,0.9116478124620331,-0.003100699184626965,deep_big,120,32,48,64,5,-1,raw,0,1,16,2.0,0.2
per_graph,lesmis,0,lesmis,IN,path2,closure_i5,0.6053918825641105,0.6053918825641105,-0.18509303477139727,jaccard,120,32,48,64,5,-1,raw,0,1,16,2.0,0.2
per_graph,lesmis,0,lesmis,IN,comm,closure_i5,0.6572872744324164,0.6572872744324164,-0.04552200362702352,jaccard,120,32,48,64,5,-1,raw,0,1,16,2.0,0.2
per_graph,lesmis,0,lesmis,OOD,edge,raw,0.695912744177233,0.7777572881517497,-0.0164446575521916,deep_big,120,32,48,64,5,-1,raw,0,1,16,2.0,0.2
per_graph,lesmis,0,lesmis,OOD,path2,raw,0.5633790058919212,0.5617629152586238,-0.06537872823961433,cn,120,32,48,64,5,-1,raw,0,1,16,2.0,0.2
per_graph,lesmis,0,lesmis,OOD,comm,raw,0.5726572629291711,0.5964367884423225,0.011769737272884773,pair,120,32,48,64,5,-1,raw,0,1,16,2.0,0.2
per_graph,lesmis,0,lesmis,OOD,edge,cn,0.6958221229527555,0.7777572881517497,-0.0164446575521916,deep_big,120,32,48,64,5,-1,raw,0,1,16,2.0,0.2
per_graph,lesmis,0,lesmis,OOD,path2,cn,0.6271416434982381,0.5617629152586238,-0.06537872823961433,cn,120,32,48,64,5,-1,raw,0,1,16,2.0,0.2
per_graph,lesmis,0,lesmis,OOD,comm,cn,0.5568093359608418,0.5964367884423225,0.011769737272884773,pair,120,32,48,64,5,-1,raw,0,1,16,2.0,0.2
per_graph,lesmis,0,lesmis,OOD,edge,jaccard,0.639294797422067,0.7777572881517497,-0.0164446575521916,deep_big,120,32,48,64,5,-1,raw,0,1,16,2.0,0.2
per_graph,lesmis,0,lesmis,OOD,path2,jaccard,0.6095965535321781,0.5617629152586238,-0.06537872823961433,cn,120,32,48,64,5,-1,raw,0,1,16,2.0,0.2
per_graph,lesmis,0,lesmis,OOD,comm,jaccard,0.565729981352209,0.5964367884423225,0.011769737272884773,pair,120,32,48,64,5,-1,raw,0,1,16,2.0,0.2
per_graph,lesmis,0,lesmis,OOD,edge,spectral,0.6329254219985108,0.7777572881517497,-0.0164446575521916,deep_big,120,32,48,64,5,-1,raw,0,1,16,2.0,0.2
per_graph,lesmis,0,lesmis,OOD,path2,spectral,0.5695483788746956,0.5617629152586238,-0.06537872823961433,cn,120,32,48,64,5,-1,raw,0,1,16,2.0,0.2
per_graph,lesmis,0,lesmis,OOD,comm,spectral,0.5726572629291711,0.5964367884423225,0.011769737272884773,pair,120,32,48,64,5,-1,raw,0,1,16,2.0,0.2
per_graph,lesmis,0,lesmis,OOD,edge,pair,0.695912744177233,0.7777572881517497,-0.0164446575521916,deep_big,120,32,48,64,5,4483,raw,0,1,16,2.0,0.2
per_graph,lesmis,0,lesmis,OOD,path2,pair,0.5386603371855214,0.5617629152586238,-0.06537872823961433,cn,120,32,48,64,5,4483,raw,0,1,16,2.0,0.2
per_graph,lesmis,0,lesmis,OOD,comm,pair,0.5846670511694377,0.5964367884423225,0.011769737272884773,pair,120,32,48,64,5,4483,raw,0,1,16,2.0,0.2
per_graph,lesmis,0,lesmis,OOD,edge,deep,0.7341150210239156,0.7777572881517497,-0.0164446575521916,deep_big,120,32,48,64,5,9347,raw,0,1,16,2.0,0.2
per_graph,lesmis,0,lesmis,OOD,path2,deep,0.507096088756641,0.5617629152586238,-0.06537872823961433,cn,120,32,48,64,5,9347,raw,0,1,16,2.0,0.2
per_graph,lesmis,0,lesmis,OOD,comm,deep,0.5732447229149193,0.5964367884423225,0.011769737272884773,pair,120,32,48,64,5,9347,raw,0,1,16,2.0,0.2
per_graph,lesmis,0,lesmis,OOD,edge,deep_big,0.7942019457039413,0.7777572881517497,-0.0164446575521916,deep_big,120,32,48,64,5,51587,raw,0,1,16,2.0,0.2
per_graph,lesmis,0,lesmis,OOD,path2,deep_big,0.595256063526711,0.5617629152586238,-0.06537872823961433,cn,120,32,48,64,5,51587,raw,0,1,16,2.0,0.2
per_graph,lesmis,0,lesmis,OOD,comm,deep_big,0.5790927209588077,0.5964367884423225,0.011769737272884773,pair,120,32,48,64,5,51587,raw,0,1,16,2.0,0.2
per_graph,lesmis,0,lesmis,OOD,edge,gcn,0.7646844439297967,0.7777572881517497,-0.0164446575521916,deep_big,120,32,48,64,5,29507,raw,0,1,16,2.0,0.2
per_graph,lesmis,0,lesmis,OOD,path2,gcn,0.6182984247572472,0.5617629152586238,-0.06537872823961433,cn,120,32,48,64,5,29507,raw,0,1,16,2.0,0.2
per_graph,lesmis,0,lesmis,OOD,comm,gcn,0.5477816691613758,0.5964367884423225,0.011769737272884773,pair,120,32,48,64,5,29507,raw,0,1,16,2.0,0.2
per_graph,lesmis,0,lesmis,OOD,edge,closure,0.7777572881517497,0.7777572881517497,-0.0164446575521916,deep_big,120,32,48,64,5,73331,raw,0,1,16,2.0,0.2
per_graph,lesmis,0,lesmis,OOD,path2,closure,0.5617629152586238,0.5617629152586238,-0.06537872823961433,cn,120,32,48,64,5,73331,raw,0,1,16,2.0,0.2
per_graph,lesmis,0,lesmis,OOD,comm,closure,0.5964367884423225,0.5964367884423225,0.011769737272884773,pair,120,32,48,64,5,73331,raw,0,1,16,2.0,0.2
per_graph,lesmis,0,lesmis,OOD,edge,closure_no_tri,0.7570639557206906,0.7777572881517497,-0.0164446575521916,deep_big,120,32,48,64,5,67187,raw,0,1,16,2.0,0.2
per_graph,lesmis,0,lesmis,OOD,path2,closure_no_tri,0.4801333696225444,0.5617629152586238,-0.06537872823961433,cn,120,32,48,64,5,67187,raw,0,1,16,2.0,0.2
per_graph,lesmis,0,lesmis,OOD,comm,closure_no_tri,0.5722114581716471,0.5964367884423225,0.011769737272884773,pair,120,32,48,64,5,67187,raw,0,1,16,2.0,0.2
per_graph,lesmis,0,lesmis,OOD,edge,closure_no_mem,0.712376451992584,0.7777572881517497,-0.0164446575521916,deep_big,120,32,48,64,5,60275,raw,0,1,16,2.0,0.2
per_graph,lesmis,0,lesmis,OOD,path2,closure_no_mem,0.613217175017725,0.5617629152586238,-0.06537872823961433,cn,120,32,48,64,5,60275,raw,0,1,16,2.0,0.2
per_graph,lesmis,0,lesmis,OOD,comm,closure_no_mem,0.6125406114268516,0.5964367884423225,0.011769737272884773,pair,120,32,48,64,5,60275,raw,0,1,16,2.0,0.2
per_graph,lesmis,0,lesmis,OOD,edge,closure_i1,0.7902258526114816,0.7777572881517497,-0.0164446575521916,deep_big,120,32,48,64,5,-1,raw,0,1,16,2.0,0.2
per_graph,lesmis,0,lesmis,OOD,path2,closure_i1,0.4936496872067375,0.5617629152586238,-0.06537872823961433,cn,120,32,48,64,5,-1,raw,0,1,16,2.0,0.2
per_graph,lesmis,0,lesmis,OOD,comm,closure_i1,0.5766859198685483,0.5964367884423225,0.011769737272884773,pair,120,32,48,64,5,-1,raw,0,1,16,2.0,0.2
per_graph,lesmis,0,lesmis,OOD,edge,closure_i2,0.773902302061714,0.7777572881517497,-0.0164446575521916,deep_big,120,32,48,64,5,-1,raw,0,1,16,2.0,0.2
per_graph,lesmis,0,lesmis,OOD,path2,closure_i2,0.4907870195038336,0.5617629152586238,-0.06537872823961433,cn,120,32,48,64,5,-1,raw,0,1,16,2.0,0.2
per_graph,lesmis,0,lesmis,OOD,comm,closure_i2,0.5770441740570416,0.5964367884423225,0.011769737272884773,pair,120,32,48,64,5,-1,raw,0,1,16,2.0,0.2
per_graph,lesmis,0,lesmis,OOD,edge,closure_i3,0.7852142268546686,0.7777572881517497,-0.0164446575521916,deep_big,120,32,48,64,5,-1,raw,0,1,16,2.0,0.2
per_graph,lesmis,0,lesmis,OOD,path2,closure_i3,0.4653702465010869,0.5617629152586238,-0.06537872823961433,cn,120,32,48,64,5,-1,raw,0,1,16,2.0,0.2
per_graph,lesmis,0,lesmis,OOD,comm,closure_i3,0.5886190079791038,0.5964367884423225,0.011769737272884773,pair,120,32,48,64,5,-1,raw,0,1,16,2.0,0.2
per_graph,lesmis,0,lesmis,OOD,edge,closure_i5,0.7777572881517497,0.7777572881517497,-0.0164446575521916,deep_big,120,32,48,64,5,-1,raw,0,1,16,2.0,0.2
per_graph,lesmis,0,lesmis,OOD,path2,closure_i5,0.5617629152586238,0.5617629152586238,-0.06537872823961433,cn,120,32,48,64,5,-1,raw,0,1,16,2.0,0.2
per_graph,lesmis,0,lesmis,OOD,comm,closure_i5,0.5964367884423225,0.5964367884423225,0.011769737272884773,pair,120,32,48,64,5,-1,raw,0,1,16,2.0,0.2
per_graph,florentine,0,florentine,IN,edge,raw,0.8533318014705882,0.8624372055951287,-0.00023044361787671885,deep_big,120,32,48,64,5,-1,raw,0,1,16,2.0,0.2
per_graph,florentine,0,florentine,IN,path2,raw,0.7327339647411854,0.6113093062083881,-0.13209097562476546,spectral,120,32,48,64,5,-1,raw,0,1,16,2.0,0.2
per_graph,florentine,0,florentine,IN,comm,raw,0.5813633221174804,0.6960778207288374,0.0031156398570318933,deep_big,120,32,48,64,5,-1,raw,0,1,16,2.0,0.2
per_graph,florentine,0,florentine,IN,edge,cn,0.4992311724494486,0.8624372055951287,-0.00023044361787671885,deep_big,120,32,48,64,5,-1,raw,0,1,16,2.0,0.2
per_graph,florentine,0,florentine,IN,path2,cn,0.7416359399908571,0.6113093062083881,-0.13209097562476546,spectral,120,32,48,64,5,-1,raw,0,1,16,2.0,0.2
per_graph,florentine,0,florentine,IN,comm,cn,0.5553699017818221,0.6960778207288374,0.0031156398570318933,deep_big,120,32,48,64,5,-1,raw,0,1,16,2.0,0.2
per_graph,florentine,0,florentine,IN,edge,jaccard,0.47932969037224266,0.8624372055951287,-0.00023044361787671885,deep_big,120,32,48,64,5,-1,raw,0,1,16,2.0,0.2
per_graph,florentine,0,florentine,IN,path2,jaccard,0.7433868660036103,0.6113093062083881,-0.13209097562476546,spectral,120,32,48,64,5,-1,raw,0,1,16,2.0,0.2
per_graph,florentine,0,florentine,IN,comm,jaccard,0.5603960165274902,0.6960778207288374,0.0031156398570318933,deep_big,120,32,48,64,5,-1,raw,0,1,16,2.0,0.2
per_graph,florentine,0,florentine,IN,edge,spectral,0.49710205078125,0.8624372055951287,-0.00023044361787671885,deep_big,120,32,48,64,5,-1,raw,0,1,16,2.0,0.2
per_graph,florentine,0,florentine,IN,path2,spectral,0.7434002818331535,0.6113093062083881,-0.13209097562476546,spectral,120,32,48,64,5,-1,raw,0,1,16,2.0,0.2
per_graph,florentine,0,florentine,IN,comm,spectral,0.5813633221174804,0.6960778207288374,0.0031156398570318933,deep_big,120,32,48,64,5,-1,raw,0,1,16,2.0,0.2
per_graph,florentine,0,florentine,IN,edge,pair,0.8533318014705882,0.8624372055951287,-0.00023044361787671885,deep_big,120,32,48,64,5,4483,raw,0,1,16,2.0,0.2
per_graph,florentine,0,florentine,IN,path2,pair,0.5043809780570143,0.6113093062083881,-0.13209097562476546,spectral,120,32,48,64,5,4483,raw,0,1,16,2.0,0.2
per_graph,florentine,0,florentine,IN,comm,pair,0.6461182704882302,0.6960778207288374,0.0031156398570318933,deep_big,120,32,48,64,5,4483,raw,0,1,16,2.0,0.2
per_graph,florentine,0,florentine,IN,edge,deep,0.8600276094324448,0.8624372055951287,-0.00023044361787671885,deep_big,120,32,48,64,5,9347,raw,0,1,16,2.0,0.2
per_graph,florentine,0,florentine,IN,path2,deep,0.577741252329684,0.6113093062083881,-0.13209097562476546,spectral,120,32,48,64,5,9347,raw,0,1,16,2.0,0.2
per_graph,florentine,0,florentine,IN,comm,deep,0.677861952844036,0.6960778207288374,0.0031156398570318933,deep_big,120,32,48,64,5,9347,raw,0,1,16,2.0,0.2
per_graph,florentine,0,florentine,IN,edge,deep_big,0.8626676492130054,0.8624372055951287,-0.00023044361787671885,deep_big,120,32,48,64,5,51587,raw,0,1,16,2.0,0.2
per_graph,florentine,0,florentine,IN,path2,deep_big,0.4141582995541365,0.6113093062083881,-0.13209097562476546,spectral,120,32,48,64,5,51587,raw,0,1,16,2.0,0.2
per_graph,florentine,0,florentine,IN,comm,deep_big,0.6929621808718055,0.6960778207288374,0.0031156398570318933,deep_big,120,32,48,64,5,51587,raw,0,1,16,2.0,0.2
per_graph,florentine,0,florentine,IN,edge,gcn,0.8455481495576747,0.8624372055951287,-0.00023044361787671885,deep_big,120,32,48,64,5,29507,raw,0,1,16,2.0,0.2
per_graph,florentine,0,florentine,IN,path2,gcn,0.5757799542048597,0.6113093062083881,-0.13209097562476546,spectral,120,32,48,64,5,29507,raw,0,1,16,2.0,0.2
per_graph,florentine,0,florentine,IN,comm,gcn,0.6833023031379415,0.6960778207288374,0.0031156398570318933,deep_big,120,32,48,64,5,29507,raw,0,1,16,2.0,0.2
per_graph,florentine,0,florentine,IN,edge,closure,0.8624372055951287,0.8624372055951287,-0.00023044361787671885,deep_big,120,32,48,64,5,73331,raw,0,1,16,2.0,0.2
per_graph,florentine,0,florentine,IN,path2,closure,0.6113093062083881,0.6113093062083881,-0.13209097562476546,spectral,120,32,48,64,5,73331,raw,0,1,16,2.0,0.2
per_graph,florentine,0,florentine,IN,comm,closure,0.6960778207288374,0.6960778207288374,0.0031156398570318933,deep_big,120,32,48,64,5,73331,raw,0,1,16,2.0,0.2
per_graph,florentine,0,florentine,IN,edge,closure_no_tri,0.862744176528033,0.8624372055951287,-0.00023044361787671885,deep_big,120,32,48,64,5,67187,raw,0,1,16,2.0,0.2
per_graph,florentine,0,florentine,IN,path2,closure_no_tri,0.6276117941533723,0.6113093062083881,-0.13209097562476546,spectral,120,32,48,64,5,67187,raw,0,1,16,2.0,0.2
per_graph,florentine,0,florentine,IN,comm,closure_no_tri,0.6931955591948424,0.6960778207288374,0.0031156398570318933,deep_big,120,32,48,64,5,67187,raw,0,1,16,2.0,0.2
per_graph,florentine,0,florentine,IN,edge,closure_no_mem,0.8611143224379596,0.8624372055951287,-0.00023044361787671885,deep_big,120,32,48,64,5,60275,raw,0,1,16,2.0,0.2
per_graph,florentine,0,florentine,IN,path2,closure_no_mem,0.6577965063165205,0.6113093062083881,-0.13209097562476546,spectral,120,32,48,64,5,60275,raw,0,1,16,2.0,0.2
per_graph,florentine,0,florentine,IN,comm,closure_no_mem,0.7053112638651441,0.6960778207288374,0.0031156398570318933,deep_big,120,32,48,64,5,60275,raw,0,1,16,2.0,0.2
per_graph,florentine,0,florentine,IN,edge,closure_i1,0.8633432724896599,0.8624372055951287,-0.00023044361787671885,deep_big,120,32,48,64,5,-1,raw,0,1,16,2.0,0.2
per_graph,florentine,0,florentine,IN,path2,closure_i1,0.6061667737796266,0.6113093062083881,-0.13209097562476546,spectral,120,32,48,64,5,-1,raw,0,1,16,2.0,0.2
per_graph,florentine,0,florentine,IN,comm,closure_i1,0.6976553161142177,0.6960778207288374,0.0031156398570318933,deep_big,120,32,48,64,5,-1,raw,0,1,16,2.0,0.2
per_graph,florentine,0,florentine,IN,edge,closure_i2,0.8624657126034007,0.8624372055951287,-0.00023044361787671885,deep_big,120,32,48,64,5,-1,raw,0,1,16,2.0,0.2
per_graph,florentine,0,florentine,IN,path2,closure_i2,0.6105054667902815,0.6113093062083881,-0.13209097562476546,spectral,120,32,48,64,5,-1,raw,0,1,16,2.0,0.2
per_graph,florentine,0,florentine,IN,comm,closure_i2,0.6984252131494524,0.6960778207288374,0.0031156398570318933,deep_big,120,32,48,64,5,-1,raw,0,1,16,2.0,0.2
per_graph,florentine,0,florentine,IN,edge,closure_i3,0.862596471449908,0.8624372055951287,-0.00023044361787671885,deep_big,120,32,48,64,5,-1,raw,0,1,16,2.0,0.2
per_graph,florentine,0,florentine,IN,path2,closure_i3,0.6113511219296524,0.6113093062083881,-0.13209097562476546,spectral,120,32,48,64,5,-1,raw,0,1,16,2.0,0.2
per_graph,florentine,0,florentine,IN,comm,closure_i3,0.6981086897247235,0.6960778207288374,0.0031156398570318933,deep_big,120,32,48,64,5,-1,raw,0,1,16,2.0,0.2
per_graph,florentine,0,florentine,IN,edge,closure_i5,0.8624372055951287,0.8624372055951287,-0.00023044361787671885,deep_big,120,32,48,64,5,-1,raw,0,1,16,2.0,0.2
per_graph,florentine,0,florentine,IN,path2,closure_i5,0.6113093062083881,0.6113093062083881,-0.13209097562476546,spectral,120,32,48,64,5,-1,raw,0,1,16,2.0,0.2
per_graph,florentine,0,florentine,IN,comm,closure_i5,0.6960778207288374,0.6960778207288374,0.0031156398570318933,deep_big,120,32,48,64,5,-1,raw,0,1,16,2.0,0.2
per_graph,florentine,0,florentine,OOD,edge,raw,0.7056066176470588,0.7230312751321232,-0.00012228573069861248,deep_big,120,32,48,64,5,-1,raw,0,1,16,2.0,0.2
per_graph,florentine,0,florentine,OOD,path2,raw,0.5708546277194297,0.5461566464308949,-0.03425417282665377,jaccard,120,32,48,64,5,-1,raw,0,1,16,2.0,0.2
per_graph,florentine,0,florentine,OOD,comm,raw,0.5137299302358054,0.6131705140277626,0.0010710286387382029,deep_big,120,32,48,64,5,-1,raw,0,1,16,2.0,0.2
per_graph,florentine,0,florentine,OOD,edge,cn,0.4793458467371324,0.7230312751321232,-0.00012228573069861248,deep_big,120,32,48,64,5,-1,raw,0,1,16,2.0,0.2
per_graph,florentine,0,florentine,OOD,path2,cn,0.5779164365065875,0.5461566464308949,-0.03425417282665377,jaccard,120,32,48,64,5,-1,raw,0,1,16,2.0,0.2
per_graph,florentine,0,florentine,OOD,comm,cn,0.5103047777490192,0.6131705140277626,0.0010710286387382029,deep_big,120,32,48,64,5,-1,raw,0,1,16,2.0,0.2
per_graph,florentine,0,florentine,OOD,edge,jaccard,0.46411276424632353,0.7230312751321232,-0.00012228573069861248,deep_big,120,32,48,64,5,-1,raw,0,1,16,2.0,0.2
per_graph,florentine,0,florentine,OOD,path2,jaccard,0.5804108192575487,0.5461566464308949,-0.03425417282665377,jaccard,120,32,48,64,5,-1,raw,0,1,16,2.0,0.2
per_graph,florentine,0,florentine,OOD,comm,jaccard,0.5105369454793756,0.6131705140277626,0.0010710286387382029,deep_big,120,32,48,64,5,-1,raw,0,1,16,2.0,0.2
per_graph,florentine,0,florentine,OOD,edge,spectral,0.469432373046875,0.7230312751321232,-0.00012228573069861248,deep_big,120,32,48,64,5,-1,raw,0,1,16,2.0,0.2
per_graph,florentine,0,florentine,OOD,path2,spectral,0.5799155324719852,0.5461566464308949,-0.03425417282665377,jaccard,120,32,48,64,5,-1,raw,0,1,16,2.0,0.2
per_graph,florentine,0,florentine,OOD,comm,spectral,0.5137299302358054,0.6131705140277626,0.0010710286387382029,deep_big,120,32,48,64,5,-1,raw,0,1,16,2.0,0.2
per_graph,florentine,0,florentine,OOD,edge,pair,0.7056066176470588,0.7230312751321232,-0.00012228573069861248,deep_big,120,32,48,64,5,4483,raw,0,1,16,2.0,0.2
per_graph,florentine,0,florentine,OOD,path2,pair,0.5140601556639159,0.5461566464308949,-0.03425417282665377,jaccard,120,32,48,64,5,4483,raw,0,1,16,2.0,0.2
per_graph,florentine,0,florentine,OOD,comm,pair,0.5871975806451613,0.6131705140277626,0.0010710286387382029,deep_big,120,32,48,64,5,4483,raw,0,1,16,2.0,0.2
per_graph,florentine,0,florentine,OOD,edge,deep,0.7172433292164522,0.7230312751321232,-0.00012228573069861248,deep_big,120,32,48,64,5,9347,raw,0,1,16,2.0,0.2
per_graph,florentine,0,florentine,OOD,path2,deep,0.5133995748693033,0.5461566464308949,-0.03425417282665377,jaccard,120,32,48,64,5,9347,raw,0,1,16,2.0,0.2
per_graph,florentine,0,florentine,OOD,comm,deep,0.6039655929871404,0.6131705140277626,0.0010710286387382029,deep_big,120,32,48,64,5,9347,raw,0,1,16,2.0,0.2
per_graph,florentine,0,florentine,OOD,edge,deep_big,0.7231535608628218,0.7230312751321232,-0.00012228573069861248,deep_big,120,32,48,64,5,51587,raw,0,1,16,2.0,0.2
per_graph,florentine,0,florentine,OOD,path2,deep_big,0.49379180198492,0.5461566464308949,-0.03425417282665377,jaccard,120,32,48,64,5,51587,raw,0,1,16,2.0,0.2
per_graph,florentine,0,florentine,OOD,comm,deep_big,0.6120994853890244,0.6131705140277626,0.0010710286387382029,deep_big,120,32,48,64,5,51587,raw,0,1,16,2.0,0.2
per_graph,florentine,0,florentine,OOD,edge,gcn,0.7135752778894761,0.7230312751321232,-0.00012228573069861248,deep_big,120,32,48,64,5,29507,raw,0,1,16,2.0,0.2
per_graph,florentine,0,florentine,OOD,path2,gcn,0.5093139053195916,0.5461566464308949,-0.03425417282665377,jaccard,120,32,48,64,5,29507,raw,0,1,16,2.0,0.2
per_graph,florentine,0,florentine,OOD,comm,gcn,0.6071436116252656,0.6131705140277626,0.0010710286387382029,deep_big,120,32,48,64,5,29507,raw,0,1,16,2.0,0.2
per_graph,florentine,0,florentine,OOD,edge,closure,0.7230312751321232,0.7230312751321232,-0.00012228573069861248,deep_big,120,32,48,64,5,73331,raw,0,1,16,2.0,0.2
per_graph,florentine,0,florentine,OOD,path2,closure,0.5461566464308949,0.5461566464308949,-0.03425417282665377,jaccard,120,32,48,64,5,73331,raw,0,1,16,2.0,0.2
per_graph,florentine,0,florentine,OOD,comm,closure,0.6131705140277626,0.6131705140277626,0.0010710286387382029,deep_big,120,32,48,64,5,73331,raw,0,1,16,2.0,0.2
per_graph,florentine,0,florentine,OOD,edge,closure_no_tri,0.7230575741038603,0.7230312751321232,-0.00012228573069861248,deep_big,120,32,48,64,5,67187,raw,0,1,16,2.0,0.2
per_graph,florentine,0,florentine,OOD,path2,closure_no_tri,0.5376744080734539,0.5461566464308949,-0.03425417282665377,jaccard,120,32,48,64,5,67187,raw,0,1,16,2.0,0.2
per_graph,florentine,0,florentine,OOD,comm,closure_no_tri,0.6123239638603762,0.6131705140277626,0.0010710286387382029,deep_big,120,32,48,64,5,67187,raw,0,1,16,2.0,0.2
per_graph,florentine,0,florentine,OOD,edge,closure_no_mem,0.7188297944910386,0.7230312751321232,-0.00012228573069861248,deep_big,120,32,48,64,5,60275,raw,0,1,16,2.0,0.2
per_graph,florentine,0,florentine,OOD,path2,closure_no_mem,0.551685570776239,0.5461566464308949,-0.03425417282665377,jaccard,120,32,48,64,5,60275,raw,0,1,16,2.0,0.2
per_graph,florentine,0,florentine,OOD,comm,closure_no_mem,0.6159273661419737,0.6131705140277626,0.0010710286387382029,deep_big,120,32,48,64,5,60275,raw,0,1,16,2.0,0.2
per_graph,florentine,0,florentine,OOD,edge,closure_i1,0.7233305987189798,0.7230312751321232,-0.00012228573069861248,deep_big,120,32,48,64,5,-1,raw,0,1,16,2.0,0.2
per_graph,florentine,0,florentine,OOD,path2,closure_i1,0.5437856961799044,0.5461566464308949,-0.03425417282665377,jaccard,120,32,48,64,5,-1,raw,0,1,16,2.0,0.2
per_graph,florentine,0,florentine,OOD,comm,closure_i1,0.6139263761698316,0.6131705140277626,0.0010710286387382029,deep_big,120,32,48,64,5,-1,raw,0,1,16,2.0,0.2
per_graph,florentine,0,florentine,OOD,edge,closure_i2,0.722998908547794,0.7230312751321232,-0.00012228573069861248,deep_big,120,32,48,64,5,-1,raw,0,1,16,2.0,0.2
per_graph,florentine,0,florentine,OOD,path2,closure_i2,0.5455201271326131,0.5461566464308949,-0.03425417282665377,jaccard,120,32,48,64,5,-1,raw,0,1,16,2.0,0.2
per_graph,florentine,0,florentine,OOD,comm,closure_i2,0.6142355695223953,0.6131705140277626,0.0010710286387382029,deep_big,120,32,48,64,5,-1,raw,0,1,16,2.0,0.2
per_graph,florentine,0,florentine,OOD,edge,closure_i3,0.7229893583409926,0.7230312751321232,-0.00012228573069861248,deep_big,120,32,48,64,5,-1,raw,0,1,16,2.0,0.2
per_graph,florentine,0,florentine,OOD,path2,closure_i3,0.5459443283367228,0.5461566464308949,-0.03425417282665377,jaccard,120,32,48,64,5,-1,raw,0,1,16,2.0,0.2
per_graph,florentine,0,florentine,OOD,comm,closure_i3,0.6141374849088315,0.6131705140277626,0.0010710286387382029,deep_big,120,32,48,64,5,-1,raw,0,1,16,2.0,0.2
per_graph,florentine,0,florentine,OOD,edge,closure_i5,0.7230312751321232,0.7230312751321232,-0.00012228573069861248,deep_big,120,32,48,64,5,-1,raw,0,1,16,2.0,0.2
per_graph,florentine,0,florentine,OOD,path2,closure_i5,0.5461566464308949,0.5461566464308949,-0.03425417282665377,jaccard,120,32,48,64,5,-1,raw,0,1,16,2.0,0.2
per_graph,florentine,0,florentine,OOD,comm,closure_i5,0.6131705140277626,0.6131705140277626,0.0010710286387382029,deep_big,120,32,48,64,5,-1,raw,0,1,16,2.0,0.2
per_graph,davis,0,davis,IN,edge,raw,0.8450391067139662,0.8260659552540642,-0.04766573241297822,gcn,120,32,48,64,5,-1,raw,0,1,16,2.0,0.2
per_graph,davis,0,davis,IN,path2,raw,0.7257671716536752,0.6668961063673087,-0.16446388685216684,jaccard,120,32,48,64,5,-1,raw,0,1,16,2.0,0.2
per_graph,davis,0,davis,IN,comm,raw,0.5764855654174391,0.6770510857831882,0.06285096025069659,deep_big,120,32,48,64,5,-1,raw,0,1,16,2.0,0.2
per_graph,davis,0,davis,IN,edge,cn,0.36741786757011263,0.8260659552540642,-0.04766573241297822,gcn,120,32,48,64,5,-1,raw,0,1,16,2.0,0.2
per_graph,davis,0,davis,IN,path2,cn,0.8089081166086507,0.6668961063673087,-0.16446388685216684,jaccard,120,32,48,64,5,-1,raw,0,1,16,2.0,0.2
per_graph,davis,0,davis,IN,comm,cn,0.5515401847020049,0.6770510857831882,0.06285096025069659,deep_big,120,32,48,64,5,-1,raw,0,1,16,2.0,0.2
per_graph,davis,0,davis,IN,edge,jaccard,0.32514867889747195,0.8260659552540642,-0.04766573241297822,gcn,120,32,48,64,5,-1,raw,0,1,16,2.0,0.2
per_graph,davis,0,davis,IN,path2,jaccard,0.8313599932194755,0.6668961063673087,-0.16446388685216684,jaccard,120,32,48,64,5,-1,raw,0,1,16,2.0,0.2
per_graph,davis,0,davis,IN,comm,jaccard,0.5644630309896549,0.6770510857831882,0.06285096025069659,deep_big,120,32,48,64,5,-1,raw,0,1,16,2.0,0.2
per_graph,davis,0,davis,IN,edge,spectral,0.37233247233823297,0.8260659552540642,-0.04766573241297822,gcn,120,32,48,64,5,-1,raw,0,1,16,2.0,0.2
per_graph,davis,0,davis,IN,path2,spectral,0.7626261157907971,0.6668961063673087,-0.16446388685216684,jaccard,120,32,48,64,5,-1,raw,0,1,16,2.0,0.2
per_graph,davis,0,davis,IN,comm,spectral,0.5764855654174391,0.6770510857831882,0.06285096025069659,deep_big,120,32,48,64,5,-1,raw,0,1,16,2.0,0.2
per_graph,davis,0,davis,IN,edge,pair,0.8450391067139662,0.8260659552540642,-0.04766573241297822,gcn,120,32,48,64,5,4483,raw,0,1,16,2.0,0.2
per_graph,davis,0,davis,IN,path2,pair,0.6073399914089348,0.6668961063673087,-0.16446388685216684,jaccard,120,32,48,64,5,4483,raw,0,1,16,2.0,0.2
per_graph,davis,0,davis,IN,comm,pair,0.5989026881351277,0.6770510857831882,0.06285096025069659,deep_big,120,32,48,64,5,4483,raw,0,1,16,2.0,0.2
per_graph,davis,0,davis,IN,edge,deep,0.834776116718077,0.8260659552540642,-0.04766573241297822,gcn,120,32,48,64,5,9347,raw,0,1,16,2.0,0.2
per_graph,davis,0,davis,IN,path2,deep,0.5875416411087385,0.6668961063673087,-0.16446388685216684,jaccard,120,32,48,64,5,9347,raw,0,1,16,2.0,0.2
per_graph,davis,0,davis,IN,comm,deep,0.606533940039438,0.6770510857831882,0.06285096025069659,deep_big,120,32,48,64,5,9347,raw,0,1,16,2.0,0.2
per_graph,davis,0,davis,IN,edge,deep_big,0.8282315372923776,0.8260659552540642,-0.04766573241297822,gcn,120,32,48,64,5,51587,raw,0,1,16,2.0,0.2
per_graph,davis,0,davis,IN,path2,deep_big,0.5751681999172651,0.6668961063673087,-0.16446388685216684,jaccard,120,32,48,64,5,51587,raw,0,1,16,2.0,0.2
per_graph,davis,0,davis,IN,comm,deep_big,0.6142001255324916,0.6770510857831882,0.06285096025069659,deep_big,120,32,48,64,5,51587,raw,0,1,16,2.0,0.2
per_graph,davis,0,davis,IN,edge,gcn,0.8737316876670425,0.8260659552540642,-0.04766573241297822,gcn,120,32,48,64,5,29507,raw,0,1,16,2.0,0.2
per_graph,davis,0,davis,IN,path2,gcn,0.5444348215127608,0.6668961063673087,-0.16446388685216684,jaccard,120,32,48,64,5,29507,raw,0,1,16,2.0,0.2
per_graph,davis,0,davis,IN,comm,gcn,0.5820078568221514,0.6770510857831882,0.06285096025069659,deep_big,120,32,48,64,5,29507,raw,0,1,16,2.0,0.2
per_graph,davis,0,davis,IN,edge,closure,0.8260659552540642,0.8260659552540642,-0.04766573241297822,gcn,120,32,48,64,5,73331,raw,0,1,16,2.0,0.2
per_graph,davis,0,davis,IN,path2,closure,0.6668961063673087,0.6668961063673087,-0.16446388685216684,jaccard,120,32,48,64,5,73331,raw,0,1,16,2.0,0.2
per_graph,davis,0,davis,IN,comm,closure,0.6770510857831882,0.6770510857831882,0.06285096025069659,deep_big,120,32,48,64,5,73331,raw,0,1,16,2.0,0.2
per_graph,davis,0,davis,IN,edge,closure_no_tri,0.8516268764784718,0.8260659552540642,-0.04766573241297822,gcn,120,32,48,64,5,67187,raw,0,1,16,2.0,0.2
per_graph,davis,0,davis,IN,path2,closure_no_tri,0.5684620880978714,0.6668961063673087,-0.16446388685216684,jaccard,120,32,48,64,5,67187,raw,0,1,16,2.0,0.2
per_graph,davis,0,davis,IN,comm,closure_no_tri,0.5925586605796684,0.6770510857831882,0.06285096025069659,deep_big,120,32,48,64,5,67187,raw,0,1,16,2.0,0.2
per_graph,davis,0,davis,IN,edge,closure_no_mem,0.8077407911474581,0.8260659552540642,-0.04766573241297822,gcn,120,32,48,64,5,60275,raw,0,1,16,2.0,0.2
per_graph,davis,0,davis,IN,path2,closure_no_mem,0.46312362214324165,0.6668961063673087,-0.16446388685216684,jaccard,120,32,48,64,5,60275,raw,0,1,16,2.0,0.2
per_graph,davis,0,davis,IN,comm,closure_no_mem,0.6783970381001527,0.6770510857831882,0.06285096025069659,deep_big,120,32,48,64,5,60275,raw,0,1,16,2.0,0.2
per_graph,davis,0,davis,IN,edge,closure_i1,0.8749670113936157,0.8260659552540642,-0.04766573241297822,gcn,120,32,48,64,5,-1,raw,0,1,16,2.0,0.2
per_graph,davis,0,davis,IN,path2,closure_i1,0.7775642254977841,0.6668961063673087,-0.16446388685216684,jaccard,120,32,48,64,5,-1,raw,0,1,16,2.0,0.2
per_graph,davis,0,davis,IN,comm,closure_i1,0.547412794993756,0.6770510857831882,0.06285096025069659,deep_big,120,32,48,64,5,-1,raw,0,1,16,2.0,0.2
per_graph,davis,0,davis,IN,edge,closure_i2,0.8753361853745485,0.8260659552540642,-0.04766573241297822,gcn,120,32,48,64,5,-1,raw,0,1,16,2.0,0.2
per_graph,davis,0,davis,IN,path2,closure_i2,0.6683321375947178,0.6668961063673087,-0.16446388685216684,jaccard,120,32,48,64,5,-1,raw,0,1,16,2.0,0.2
per_graph,davis,0,davis,IN,comm,closure_i2,0.6328245081068188,0.6770510857831882,0.06285096025069659,deep_big,120,32,48,64,5,-1,raw,0,1,16,2.0,0.2
per_graph,davis,0,davis,IN,edge,closure_i3,0.8137051431451421,0.8260659552540642,-0.04766573241297822,gcn,120,32,48,64,5,-1,raw,0,1,16,2.0,0.2
per_graph,davis,0,davis,IN,path2,closure_i3,0.5998994211630613,0.6668961063673087,-0.16446388685216684,jaccard,120,32,48,64,5,-1,raw,0,1,16,2.0,0.2
per_graph,davis,0,davis,IN,comm,closure_i3,0.68310413383296,0.6770510857831882,0.06285096025069659,deep_big,120,32,48,64,5,-1,raw,0,1,16,2.0,0.2
per_graph,davis,0,davis,IN,edge,closure_i5,0.8260659552540642,0.8260659552540642,-0.04766573241297822,gcn,120,32,48,64,5,-1,raw,0,1,16,2.0,0.2
per_graph,davis,0,davis,IN,path2,closure_i5,0.6668961063673087,0.6668961063673087,-0.16446388685216684,jaccard,120,32,48,64,5,-1,raw,0,1,16,2.0,0.2
per_graph,davis,0,davis,IN,comm,closure_i5,0.6770510857831882,0.6770510857831882,0.06285096025069659,deep_big,120,32,48,64,5,-1,raw,0,1,16,2.0,0.2
per_graph,davis,0,davis,OOD,edge,raw,0.6967435227617813,0.6864620004751922,-0.03425154530508068,gcn,120,32,48,64,5,-1,raw,0,1,16,2.0,0.2
per_graph,davis,0,davis,OOD,path2,raw,0.5542881988098232,0.5959880682740863,-0.02778226593275923,jaccard,120,32,48,64,5,-1,raw,0,1,16,2.0,0.2
per_graph,davis,0,davis,OOD,comm,raw,0.5147464468967431,0.5827729520349836,0.01439539053648986,deep_big,120,32,48,64,5,-1,raw,0,1,16,2.0,0.2
per_graph,davis,0,davis,OOD,edge,cn,0.4792984885401713,0.6864620004751922,-0.03425154530508068,gcn,120,32,48,64,5,-1,raw,0,1,16,2.0,0.2
per_graph,davis,0,davis,OOD,path2,cn,0.6106628433315785,0.5959880682740863,-0.02778226593275923,jaccard,120,32,48,64,5,-1,raw,0,1,16,2.0,0.2
per_graph,davis,0,davis,OOD,comm,cn,0.5137873696307389,0.5827729520349836,0.01439539053648986,deep_big,120,32,48,64,5,-1,raw,0,1,16,2.0,0.2
per_graph,davis,0,davis,OOD,edge,jaccard,0.43697819431887197,0.6864620004751922,-0.03425154530508068,gcn,120,32,48,64,5,-1,raw,0,1,16,2.0,0.2
per_graph,davis,0,davis,OOD,path2,jaccard,0.6237703342068456,0.5959880682740863,-0.02778226593275923,jaccard,120,32,48,64,5,-1,raw,0,1,16,2.0,0.2
per_graph,davis,0,davis,OOD,comm,jaccard,0.5174362292975545,0.5827729520349836,0.01439539053648986,deep_big,120,32,48,64,5,-1,raw,0,1,16,2.0,0.2
per_graph,davis,0,davis,OOD,edge,spectral,0.4412485422871001,0.6864620004751922,-0.03425154530508068,gcn,120,32,48,64,5,-1,raw,0,1,16,2.0,0.2
per_graph,davis,0,davis,OOD,path2,spectral,0.6085360390114252,0.5959880682740863,-0.02778226593275923,jaccard,120,32,48,64,5,-1,raw,0,1,16,2.0,0.2
per_graph,davis,0,davis,OOD,comm,spectral,0.5147464468967431,0.5827729520349836,0.01439539053648986,deep_big,120,32,48,64,5,-1,raw,0,1,16,2.0,0.2
per_graph,davis,0,davis,OOD,edge,pair,0.6967435227617813,0.6864620004751922,-0.03425154530508068,gcn,120,32,48,64,5,4483,raw,0,1,16,2.0,0.2
per_graph,davis,0,davis,OOD,path2,pair,0.5614394748973263,0.5959880682740863,-0.02778226593275923,jaccard,120,32,48,64,5,4483,raw,0,1,16,2.0,0.2
per_graph,davis,0,davis,OOD,comm,pair,0.5568836972443467,0.5827729520349836,0.01439539053648986,deep_big,120,32,48,64,5,4483,raw,0,1,16,2.0,0.2
per_graph,davis,0,davis,OOD,edge,deep,0.6891098062479295,0.6864620004751922,-0.03425154530508068,gcn,120,32,48,64,5,9347,raw,0,1,16,2.0,0.2
per_graph,davis,0,davis,OOD,path2,deep,0.5573515958132962,0.5959880682740863,-0.02778226593275923,jaccard,120,32,48,64,5,9347,raw,0,1,16,2.0,0.2
per_graph,davis,0,davis,OOD,comm,deep,0.5655105927483149,0.5827729520349836,0.01439539053648986,deep_big,120,32,48,64,5,9347,raw,0,1,16,2.0,0.2
per_graph,davis,0,davis,OOD,edge,deep_big,0.6802028842091221,0.6864620004751922,-0.03425154530508068,gcn,120,32,48,64,5,51587,raw,0,1,16,2.0,0.2
per_graph,davis,0,davis,OOD,path2,deep_big,0.5490879431323208,0.5959880682740863,-0.02778226593275923,jaccard,120,32,48,64,5,51587,raw,0,1,16,2.0,0.2
per_graph,davis,0,davis,OOD,comm,deep_big,0.5683775614984937,0.5827729520349836,0.01439539053648986,deep_big,120,32,48,64,5,51587,raw,0,1,16,2.0,0.2
per_graph,davis,0,davis,OOD,edge,gcn,0.7207135457802729,0.6864620004751922,-0.03425154530508068,gcn,120,32,48,64,5,29507,raw,0,1,16,2.0,0.2
per_graph,davis,0,davis,OOD,path2,gcn,0.534626387494696,0.5959880682740863,-0.02778226593275923,jaccard,120,32,48,64,5,29507,raw,0,1,16,2.0,0.2
per_graph,davis,0,davis,OOD,comm,gcn,0.5487471873426486,0.5827729520349836,0.01439539053648986,deep_big,120,32,48,64,5,29507,raw,0,1,16,2.0,0.2
per_graph,davis,0,davis,OOD,edge,closure,0.6864620004751922,0.6864620004751922,-0.03425154530508068,gcn,120,32,48,64,5,73331,raw,0,1,16,2.0,0.2
per_graph,davis,0,davis,OOD,path2,closure,0.5959880682740863,0.5959880682740863,-0.02778226593275923,jaccard,120,32,48,64,5,73331,raw,0,1,16,2.0,0.2
per_graph,davis,0,davis,OOD,comm,closure,0.5827729520349836,0.5827729520349836,0.01439539053648986,deep_big,120,32,48,64,5,73331,raw,0,1,16,2.0,0.2
per_graph,davis,0,davis,OOD,edge,closure_no_tri,0.7029961509989984,0.6864620004751922,-0.03425154530508068,gcn,120,32,48,64,5,67187,raw,0,1,16,2.0,0.2
per_graph,davis,0,davis,OOD,path2,closure_no_tri,0.5544138582821274,0.5959880682740863,-0.02778226593275923,jaccard,120,32,48,64,5,67187,raw,0,1,16,2.0,0.2
per_graph,davis,0,davis,OOD,comm,closure_no_tri,0.5570815644704694,0.5827729520349836,0.01439539053648986,deep_big,120,32,48,64,5,67187,raw,0,1,16,2.0,0.2
per_graph,davis,0,davis,OOD,edge,closure_no_mem,0.6764084572946467,0.6864620004751922,-0.03425154530508068,gcn,120,32,48,64,5,60275,raw,0,1,16,2.0,0.2
per_graph,davis,0,davis,OOD,path2,closure_no_mem,0.5277267833335952,0.5959880682740863,-0.02778226593275923,jaccard,120,32,48,64,5,60275,raw,0,1,16,2.0,0.2
per_graph,davis,0,davis,OOD,comm,closure_no_mem,0.5836448607269709,0.5827729520349836,0.01439539053648986,deep_big,120,32,48,64,5,60275,raw,0,1,16,2.0,0.2
per_graph,davis,0,davis,OOD,edge,closure_i1,0.7150144219757215,0.6864620004751922,-0.03425154530508068,gcn,120,32,48,64,5,-1,raw,0,1,16,2.0,0.2
per_graph,davis,0,davis,OOD,path2,closure_i1,0.6224441857002635,0.5959880682740863,-0.02778226593275923,jaccard,120,32,48,64,5,-1,raw,0,1,16,2.0,0.2
per_graph,davis,0,davis,OOD,comm,closure_i1,0.5388947078010204,0.5827729520349836,0.01439539053648986,deep_big,120,32,48,64,5,-1,raw,0,1,16,2.0,0.2
per_graph,davis,0,davis,OOD,edge,closure_i2,0.7246764921040865,0.6864620004751922,-0.03425154530508068,gcn,120,32,48,64,5,-1,raw,0,1,16,2.0,0.2
per_graph,davis,0,davis,OOD,path2,closure_i2,0.5894446779922051,0.5959880682740863,-0.02778226593275923,jaccard,120,32,48,64,5,-1,raw,0,1,16,2.0,0.2
per_graph,davis,0,davis,OOD,comm,closure_i2,0.5622901989843321,0.5827729520349836,0.01439539053648986,deep_big,120,32,48,64,5,-1,raw,0,1,16,2.0,0.2
per_graph,davis,0,davis,OOD,edge,closure_i3,0.6796887553126855,0.6864620004751922,-0.03425154530508068,gcn,120,32,48,64,5,-1,raw,0,1,16,2.0,0.2
per_graph,davis,0,davis,OOD,path2,closure_i3,0.5693111960340971,0.5959880682740863,-0.02778226593275923,jaccard,120,32,48,64,5,-1,raw,0,1,16,2.0,0.2
per_graph,davis,0,davis,OOD,comm,closure_i3,0.5851752344313247,0.5827729520349836,0.01439539053648986,deep_big,120,32,48,64,5,-1,raw,0,1,16,2.0,0.2
per_graph,davis,0,davis,OOD,edge,closure_i5,0.6864620004751922,0.6864620004751922,-0.03425154530508068,gcn,120,32,48,64,5,-1,raw,0,1,16,2.0,0.2
per_graph,davis,0,davis,OOD,path2,closure_i5,0.5959880682740863,0.5959880682740863,-0.02778226593275923,jaccard,120,32,48,64,5,-1,raw,0,1,16,2.0,0.2
per_graph,davis,0,davis,OOD,comm,closure_i5,0.5827729520349836,0.5827729520349836,0.01439539053648986,deep_big,120,32,48,64,5,-1,raw,0,1,16,2.0,0.2
