experiment,run,seed,split,corruption,task,model,auc,closure_auc,closure_delta_vs_best_nonclosure,best_nonclosure,steps,n,dim,hidden,iters,params,rel_mode,directed
per_graph,karate,0,karate,IN,edge,raw,0.8393783810150205,0.9045999889463034,-0.005090723903048544,deep,120,32,48,64,5,-1,full,0
per_graph,karate,0,karate,IN,path2,raw,0.704447974669277,0.7548991926347348,-0.004418392006586114,deep_big,120,32,48,64,5,-1,full,0
per_graph,karate,0,karate,IN,comm,raw,0.6185354586587508,0.693550165134768,0.008796371252946966,deep_big,120,32,48,64,5,-1,full,0
per_graph,karate,0,karate,IN,edge,cn,0.6501864023010571,0.9045999889463034,-0.005090723903048544,deep,120,32,48,64,5,-1,full,0
per_graph,karate,0,karate,IN,path2,cn,0.7392833518972,0.7548991926347348,-0.004418392006586114,deep_big,120,32,48,64,5,-1,full,0
per_graph,karate,0,karate,IN,comm,cn,0.6176077729529525,0.693550165134768,0.008796371252946966,deep_big,120,32,48,64,5,-1,full,0
per_graph,karate,0,karate,IN,edge,jaccard,0.5538172544663228,0.9045999889463034,-0.005090723903048544,deep,120,32,48,64,5,-1,full,0
per_graph,karate,0,karate,IN,path2,jaccard,0.7430085954230147,0.7548991926347348,-0.004418392006586114,deep_big,120,32,48,64,5,-1,full,0
per_graph,karate,0,karate,IN,comm,jaccard,0.6378307803699105,0.693550165134768,0.008796371252946966,deep_big,120,32,48,64,5,-1,full,0
per_graph,karate,0,karate,IN,edge,spectral,0.5577744542384829,0.9045999889463034,-0.005090723903048544,deep,120,32,48,64,5,-1,full,0
per_graph,karate,0,karate,IN,path2,spectral,0.711215953130308,0.7548991926347348,-0.004418392006586114,deep_big,120,32,48,64,5,-1,full,0
per_graph,karate,0,karate,IN,comm,spectral,0.6185354586587508,0.693550165134768,0.008796371252946966,deep_big,120,32,48,64,5,-1,full,0
per_graph,karate,0,karate,IN,edge,pair,0.8787375714753263,0.9045999889463034,-0.005090723903048544,deep,120,32,48,64,5,4931,full,0
per_graph,karate,0,karate,IN,path2,pair,0.7495485051174283,0.7548991926347348,-0.004418392006586114,deep_big,120,32,48,64,5,4931,full,0
per_graph,karate,0,karate,IN,comm,pair,0.6771623031593227,0.693550165134768,0.008796371252946966,deep_big,120,32,48,64,5,4931,full,0
per_graph,karate,0,karate,IN,edge,deep,0.909690712849352,0.9045999889463034,-0.005090723903048544,deep,120,32,48,64,5,12035,full,0
per_graph,karate,0,karate,IN,path2,deep,0.748511310541112,0.7548991926347348,-0.004418392006586114,deep_big,120,32,48,64,5,12035,full,0
per_graph,karate,0,karate,IN,comm,deep,0.6520979245159912,0.693550165134768,0.008796371252946966,deep_big,120,32,48,64,5,12035,full,0
per_graph,karate,0,karate,IN,edge,deep_big,0.9095197522870532,0.9045999889463034,-0.005090723903048544,deep,120,32,48,64,5,56963,full,0
per_graph,karate,0,karate,IN,path2,deep_big,0.7593175846413209,0.7548991926347348,-0.004418392006586114,deep_big,120,32,48,64,5,56963,full,0
per_graph,karate,0,karate,IN,comm,deep_big,0.684753793881821,0.693550165134768,0.008796371252946966,deep_big,120,32,48,64,5,56963,full,0
per_graph,karate,0,karate,IN,edge,gcn,0.8803606770054788,0.9045999889463034,-0.005090723903048544,deep,120,32,48,64,5,31747,full,0
per_graph,karate,0,karate,IN,path2,gcn,0.7222399397601815,0.7548991926347348,-0.004418392006586114,deep_big,120,32,48,64,5,31747,full,0
per_graph,karate,0,karate,IN,comm,gcn,0.6215615946974139,0.693550165134768,0.008796371252946966,deep_big,120,32,48,64,5,31747,full,0
per_graph,karate,0,karate,IN,edge,closure,0.9045999889463034,0.9045999889463034,-0.005090723903048544,deep,120,32,48,64,5,60611,full,0
per_graph,karate,0,karate,IN,path2,closure,0.7548991926347348,0.7548991926347348,-0.004418392006586114,deep_big,120,32,48,64,5,60611,full,0
per_graph,karate,0,karate,IN,comm,closure,0.693550165134768,0.693550165134768,0.008796371252946966,deep_big,120,32,48,64,5,60611,full,0
per_graph,karate,0,karate,IN,edge,closure_i1,0.9131237333486484,0.9045999889463034,-0.005090723903048544,deep,120,32,48,64,5,-1,full,0
per_graph,karate,0,karate,IN,path2,closure_i1,0.7556971775563653,0.7548991926347348,-0.004418392006586114,deep_big,120,32,48,64,5,-1,full,0
per_graph,karate,0,karate,IN,comm,closure_i1,0.6809122108586725,0.693550165134768,0.008796371252946966,deep_big,120,32,48,64,5,-1,full,0
per_graph,karate,0,karate,IN,edge,closure_i2,0.9129971478709242,0.9045999889463034,-0.005090723903048544,deep,120,32,48,64,5,-1,full,0
per_graph,karate,0,karate,IN,path2,closure_i2,0.7580526486310455,0.7548991926347348,-0.004418392006586114,deep_big,120,32,48,64,5,-1,full,0
per_graph,karate,0,karate,IN,comm,closure_i2,0.6850923984633481,0.693550165134768,0.008796371252946966,deep_big,120,32,48,64,5,-1,full,0
per_graph,karate,0,karate,IN,edge,closure_i3,0.910766127382642,0.9045999889463034,-0.005090723903048544,deep,120,32,48,64,5,-1,full,0
per_graph,karate,0,karate,IN,path2,closure_i3,0.7566291162639629,0.7548991926347348,-0.004418392006586114,deep_big,120,32,48,64,5,-1,full,0
per_graph,karate,0,karate,IN,comm,closure_i3,0.6934297756865218,0.693550165134768,0.008796371252946966,deep_big,120,32,48,64,5,-1,full,0
per_graph,karate,0,karate,IN,edge,closure_i5,0.9045999889463034,0.9045999889463034,-0.005090723903048544,deep,120,32,48,64,5,-1,full,0
per_graph,karate,0,karate,IN,path2,closure_i5,0.7548991926347348,0.7548991926347348,-0.004418392006586114,deep_big,120,32,48,64,5,-1,full,0
per_graph,karate,0,karate,IN,comm,closure_i5,0.693550165134768,0.693550165134768,0.008796371252946966,deep_big,120,32,48,64,5,-1,full,0
per_graph,karate,0,karate,OOD,edge,raw,0.6894616638064717,0.7608350968357764,-0.014215888533519627,gcn,120,32,48,64,5,-1,full,0
per_graph,karate,0,karate,OOD,path2,raw,0.5549914371403111,0.5926027237956797,-0.002039623226351761,pair,120,32,48,64,5,-1,full,0
per_graph,karate,0,karate,OOD,comm,raw,0.5321945589348888,0.57617129715636,3.761960384784935e-05,deep_big,120,32,48,64,5,-1,full,0
per_graph,karate,0,karate,OOD,edge,cn,0.5984936446968522,0.7608350968357764,-0.014215888533519627,gcn,120,32,48,64,5,-1,full,0
per_graph,karate,0,karate,OOD,path2,cn,0.5873240465991585,0.5926027237956797,-0.002039623226351761,pair,120,32,48,64,5,-1,full,0
per_graph,karate,0,karate,OOD,comm,cn,0.5319972700016168,0.57617129715636,3.761960384784935e-05,deep_big,120,32,48,64,5,-1,full,0
per_graph,karate,0,karate,OOD,edge,jaccard,0.5380290408883169,0.7608350968357764,-0.014215888533519627,gcn,120,32,48,64,5,-1,full,0
per_graph,karate,0,karate,OOD,path2,jaccard,0.5827912377066109,0.5926027237956797,-0.002039623226351761,pair,120,32,48,64,5,-1,full,0
per_graph,karate,0,karate,OOD,comm,jaccard,0.538896442108328,0.57617129715636,3.761960384784935e-05,deep_big,120,32,48,64,5,-1,full,0
per_graph,karate,0,karate,OOD,edge,spectral,0.5369018852083952,0.7608350968357764,-0.014215888533519627,gcn,120,32,48,64,5,-1,full,0
per_graph,karate,0,karate,OOD,path2,spectral,0.5697077079715904,0.5926027237956797,-0.002039623226351761,pair,120,32,48,64,5,-1,full,0
per_graph,karate,0,karate,OOD,comm,spectral,0.5321945589348888,0.57617129715636,3.761960384784935e-05,deep_big,120,32,48,64,5,-1,full,0
per_graph,karate,0,karate,OOD,edge,pair,0.7353580119978547,0.7608350968357764,-0.014215888533519627,gcn,120,32,48,64,5,4931,full,0
per_graph,karate,0,karate,OOD,path2,pair,0.5946423470220314,0.5926027237956797,-0.002039623226351761,pair,120,32,48,64,5,4931,full,0
per_graph,karate,0,karate,OOD,comm,pair,0.5694408298193228,0.57617129715636,3.761960384784935e-05,deep_big,120,32,48,64,5,4931,full,0
per_graph,karate,0,karate,OOD,edge,deep,0.7658265044375681,0.7608350968357764,-0.014215888533519627,gcn,120,32,48,64,5,12035,full,0
per_graph,karate,0,karate,OOD,path2,deep,0.5944861978875564,0.5926027237956797,-0.002039623226351761,pair,120,32,48,64,5,12035,full,0
per_graph,karate,0,karate,OOD,comm,deep,0.5626055523856865,0.57617129715636,3.761960384784935e-05,deep_big,120,32,48,64,5,12035,full,0
per_graph,karate,0,karate,OOD,edge,deep_big,0.7527538606724122,0.7608350968357764,-0.014215888533519627,gcn,120,32,48,64,5,56963,full,0
per_graph,karate,0,karate,OOD,path2,deep_big,0.5937368559347855,0.5926027237956797,-0.002039623226351761,pair,120,32,48,64,5,56963,full,0
per_graph,karate,0,karate,OOD,comm,deep_big,0.5761336775525121,0.57617129715636,3.761960384784935e-05,deep_big,120,32,48,64,5,56963,full,0
per_graph,karate,0,karate,OOD,edge,gcn,0.7750509853692961,0.7608350968357764,-0.014215888533519627,gcn,120,32,48,64,5,31747,full,0
per_graph,karate,0,karate,OOD,path2,gcn,0.5896007594977496,0.5926027237956797,-0.002039623226351761,pair,120,32,48,64,5,31747,full,0
per_graph,karate,0,karate,OOD,comm,gcn,0.5476967150722445,0.57617129715636,3.761960384784935e-05,deep_big,120,32,48,64,5,31747,full,0
per_graph,karate,0,karate,OOD,edge,closure,0.7608350968357764,0.7608350968357764,-0.014215888533519627,gcn,120,32,48,64,5,60611,full,0
per_graph,karate,0,karate,OOD,path2,closure,0.5926027237956797,0.5926027237956797,-0.002039623226351761,pair,120,32,48,64,5,60611,full,0
per_graph,karate,0,karate,OOD,comm,closure,0.57617129715636,0.57617129715636,3.761960384784935e-05,deep_big,120,32,48,64,5,60611,full,0
per_graph,karate,0,karate,OOD,edge,closure_i1,0.7665779730603507,0.7608350968357764,-0.014215888533519627,gcn,120,32,48,64,5,-1,full,0
per_graph,karate,0,karate,OOD,path2,closure_i1,0.5893708920502112,0.5926027237956797,-0.002039623226351761,pair,120,32,48,64,5,-1,full,0
per_graph,karate,0,karate,OOD,comm,closure_i1,0.5747744774768644,0.57617129715636,3.761960384784935e-05,deep_big,120,32,48,64,5,-1,full,0
per_graph,karate,0,karate,OOD,edge,closure_i2,0.7669553150007836,0.7608350968357764,-0.014215888533519627,gcn,120,32,48,64,5,-1,full,0
per_graph,karate,0,karate,OOD,path2,closure_i2,0.5928755093095617,0.5926027237956797,-0.002039623226351761,pair,120,32,48,64,5,-1,full,0
per_graph,karate,0,karate,OOD,comm,closure_i2,0.5751309092615537,0.57617129715636,3.761960384784935e-05,deep_big,120,32,48,64,5,-1,full,0
per_graph,karate,0,karate,OOD,edge,closure_i3,0.7648584715454582,0.7608350968357764,-0.014215888533519627,gcn,120,32,48,64,5,-1,full,0
per_graph,karate,0,karate,OOD,path2,closure_i3,0.5932374605704591,0.5926027237956797,-0.002039623226351761,pair,120,32,48,64,5,-1,full,0
per_graph,karate,0,karate,OOD,comm,closure_i3,0.576570602660699,0.57617129715636,3.761960384784935e-05,deep_big,120,32,48,64,5,-1,full,0
per_graph,karate,0,karate,OOD,edge,closure_i5,0.7608350968357764,0.7608350968357764,-0.014215888533519627,gcn,120,32,48,64,5,-1,full,0
per_graph,karate,0,karate,OOD,path2,closure_i5,0.5926027237956797,0.5926027237956797,-0.002039623226351761,pair,120,32,48,64,5,-1,full,0
per_graph,karate,0,karate,OOD,comm,closure_i5,0.57617129715636,0.57617129715636,3.761960384784935e-05,deep_big,120,32,48,64,5,-1,full,0
per_graph,lesmis,0,lesmis,IN,edge,raw,0.8438295231899259,0.9486848703145939,0.0027070504712705112,deep,120,32,48,64,5,-1,full,0
per_graph,lesmis,0,lesmis,IN,path2,raw,0.7360190832408939,0.8005030921839735,0.006977524832654236,deep,120,32,48,64,5,-1,full,0
per_graph,lesmis,0,lesmis,IN,comm,raw,0.6672910619717121,0.7779601118013922,0.011138335396918886,deep_big,120,32,48,64,5,-1,full,0
per_graph,lesmis,0,lesmis,IN,edge,cn,0.835597055285666,0.9486848703145939,0.0027070504712705112,deep,120,32,48,64,5,-1,full,0
per_graph,lesmis,0,lesmis,IN,path2,cn,0.7862261355711153,0.8005030921839735,0.006977524832654236,deep,120,32,48,64,5,-1,full,0
per_graph,lesmis,0,lesmis,IN,comm,cn,0.6590949465443467,0.7779601118013922,0.011138335396918886,deep_big,120,32,48,64,5,-1,full,0
per_graph,lesmis,0,lesmis,IN,edge,jaccard,0.7684418125937974,0.9486848703145939,0.0027070504712705112,deep,120,32,48,64,5,-1,full,0
per_graph,lesmis,0,lesmis,IN,path2,jaccard,0.7904849173355077,0.8005030921839735,0.006977524832654236,deep,120,32,48,64,5,-1,full,0
per_graph,lesmis,0,lesmis,IN,comm,jaccard,0.7028092780594399,0.7779601118013922,0.011138335396918886,deep_big,120,32,48,64,5,-1,full,0
per_graph,lesmis,0,lesmis,IN,edge,spectral,0.7380085580964699,0.9486848703145939,0.0027070504712705112,deep,120,32,48,64,5,-1,full,0
per_graph,lesmis,0,lesmis,IN,path2,spectral,0.662356713962914,0.8005030921839735,0.006977524832654236,deep,120,32,48,64,5,-1,full,0
per_graph,lesmis,0,lesmis,IN,comm,spectral,0.6672910619717121,0.7779601118013922,0.011138335396918886,deep_big,120,32,48,64,5,-1,full,0
per_graph,lesmis,0,lesmis,IN,edge,pair,0.9346760956025618,0.9486848703145939,0.0027070504712705112,deep,120,32,48,64,5,4931,full,0
per_graph,lesmis,0,lesmis,IN,path2,pair,0.7904561314437756,0.8005030921839735,0.006977524832654236,deep,120,32,48,64,5,4931,full,0
per_graph,lesmis,0,lesmis,IN,comm,pair,0.7381611659477847,0.7779601118013922,0.011138335396918886,deep_big,120,32,48,64,5,4931,full,0
per_graph,lesmis,0,lesmis,IN,edge,deep,0.9459778198433234,0.9486848703145939,0.0027070504712705112,deep,120,32,48,64,5,12035,full,0
per_graph,lesmis,0,lesmis,IN,path2,deep,0.7935255673513193,0.8005030921839735,0.006977524832654236,deep,120,32,48,64,5,12035,full,0
per_graph,lesmis,0,lesmis,IN,comm,deep,0.7282331148820729,0.7779601118013922,0.011138335396918886,deep_big,120,32,48,64,5,12035,full,0
per_graph,lesmis,0,lesmis,IN,edge,deep_big,0.9451832219246843,0.9486848703145939,0.0027070504712705112,deep,120,32,48,64,5,56963,full,0
per_graph,lesmis,0,lesmis,IN,path2,deep_big,0.7917241114750955,0.8005030921839735,0.006977524832654236,deep,120,32,48,64,5,56963,full,0
per_graph,lesmis,0,lesmis,IN,comm,deep_big,0.7668217764044734,0.7779601118013922,0.011138335396918886,deep_big,120,32,48,64,5,56963,full,0
per_graph,lesmis,0,lesmis,IN,edge,gcn,0.8749801997993738,0.9486848703145939,0.0027070504712705112,deep,120,32,48,64,5,31747,full,0
per_graph,lesmis,0,lesmis,IN,path2,gcn,0.7543879633982413,0.8005030921839735,0.006977524832654236,deep,120,32,48,64,5,31747,full,0
per_graph,lesmis,0,lesmis,IN,comm,gcn,0.5984426946586758,0.7779601118013922,0.011138335396918886,deep_big,120,32,48,64,5,31747,full,0
per_graph,lesmis,0,lesmis,IN,edge,closure,0.9486848703145939,0.9486848703145939,0.0027070504712705112,deep,120,32,48,64,5,60611,full,0
per_graph,lesmis,0,lesmis,IN,path2,closure,0.8005030921839735,0.8005030921839735,0.006977524832654236,deep,120,32,48,64,5,60611,full,0
per_graph,lesmis,0,lesmis,IN,comm,closure,0.7779601118013922,0.7779601118013922,0.011138335396918886,deep_big,120,32,48,64,5,60611,full,0
per_graph,lesmis,0,lesmis,IN,edge,closure_i1,0.9445604018105553,0.9486848703145939,0.0027070504712705112,deep,120,32,48,64,5,-1,full,0
per_graph,lesmis,0,lesmis,IN,path2,closure_i1,0.7973024568790338,0.8005030921839735,0.006977524832654236,deep,120,32,48,64,5,-1,full,0
per_graph,lesmis,0,lesmis,IN,comm,closure_i1,0.7226640075083097,0.7779601118013922,0.011138335396918886,deep_big,120,32,48,64,5,-1,full,0
per_graph,lesmis,0,lesmis,IN,edge,closure_i2,0.9445929391927586,0.9486848703145939,0.0027070504712705112,deep,120,32,48,64,5,-1,full,0
per_graph,lesmis,0,lesmis,IN,path2,closure_i2,0.7984445501158908,0.8005030921839735,0.006977524832654236,deep,120,32,48,64,5,-1,full,0
per_graph,lesmis,0,lesmis,IN,comm,closure_i2,0.7225613461118674,0.7779601118013922,0.011138335396918886,deep_big,120,32,48,64,5,-1,full,0
per_graph,lesmis,0,lesmis,IN,edge,closure_i3,0.9454358477299274,0.9486848703145939,0.0027070504712705112,deep,120,32,48,64,5,-1,full,0
per_graph,lesmis,0,lesmis,IN,path2,closure_i3,0.7989198762781299,0.8005030921839735,0.006977524832654236,deep,120,32,48,64,5,-1,full,0
per_graph,lesmis,0,lesmis,IN,comm,closure_i3,0.7324780620488283,0.7779601118013922,0.011138335396918886,deep_big,120,32,48,64,5,-1,full,0
per_graph,lesmis,0,lesmis,IN,edge,closure_i5,0.9486848703145939,0.9486848703145939,0.0027070504712705112,deep,120,32,48,64,5,-1,full,0
per_graph,lesmis,0,lesmis,IN,path2,closure_i5,0.8005030921839735,0.8005030921839735,0.006977524832654236,deep,120,32,48,64,5,-1,full,0
per_graph,lesmis,0,lesmis,IN,comm,closure_i5,0.7779601118013922,0.7779601118013922,0.011138335396918886,deep_big,120,32,48,64,5,-1,full,0
per_graph,lesmis,0,lesmis,OOD,edge,raw,0.695912744177233,0.7943734342675867,-0.001473711158051061,deep,120,32,48,64,5,-1,full,0
per_graph,lesmis,0,lesmis,OOD,path2,raw,0.5633790058919212,0.6276298731304959,-0.005306456391477421,pair,120,32,48,64,5,-1,full,0
per_graph,lesmis,0,lesmis,OOD,comm,raw,0.5726572629291711,0.6275397580517719,0.004569132116607144,deep_big,120,32,48,64,5,-1,full,0
per_graph,lesmis,0,lesmis,OOD,edge,cn,0.6958221229527555,0.7943734342675867,-0.001473711158051061,deep,120,32,48,64,5,-1,full,0
per_graph,lesmis,0,lesmis,OOD,path2,cn,0.6271416434982381,0.6276298731304959,-0.005306456391477421,pair,120,32,48,64,5,-1,full,0
per_graph,lesmis,0,lesmis,OOD,comm,cn,0.5568093359608418,0.6275397580517719,0.004569132116607144,deep_big,120,32,48,64,5,-1,full,0
per_graph,lesmis,0,lesmis,OOD,edge,jaccard,0.639294797422067,0.7943734342675867,-0.001473711158051061,deep,120,32,48,64,5,-1,full,0
per_graph,lesmis,0,lesmis,OOD,path2,jaccard,0.6095965535321781,0.6276298731304959,-0.005306456391477421,pair,120,32,48,64,5,-1,full,0
per_graph,lesmis,0,lesmis,OOD,comm,jaccard,0.565729981352209,0.6275397580517719,0.004569132116607144,deep_big,120,32,48,64,5,-1,full,0
per_graph,lesmis,0,lesmis,OOD,edge,spectral,0.6329254219985108,0.7943734342675867,-0.001473711158051061,deep,120,32,48,64,5,-1,full,0
per_graph,lesmis,0,lesmis,OOD,path2,spectral,0.5695483788746956,0.6276298731304959,-0.005306456391477421,pair,120,32,48,64,5,-1,full,0
per_graph,lesmis,0,lesmis,OOD,comm,spectral,0.5726572629291711,0.6275397580517719,0.004569132116607144,deep_big,120,32,48,64,5,-1,full,0
per_graph,lesmis,0,lesmis,OOD,edge,pair,0.7824256233307494,0.7943734342675867,-0.001473711158051061,deep,120,32,48,64,5,4931,full,0
per_graph,lesmis,0,lesmis,OOD,path2,pair,0.6329363295219733,0.6276298731304959,-0.005306456391477421,pair,120,32,48,64,5,4931,full,0
per_graph,lesmis,0,lesmis,OOD,comm,pair,0.615650406584983,0.6275397580517719,0.004569132116607144,deep_big,120,32,48,64,5,4931,full,0
per_graph,lesmis,0,lesmis,OOD,edge,deep,0.7958471454256377,0.7943734342675867,-0.001473711158051061,deep,120,32,48,64,5,12035,full,0
per_graph,lesmis,0,lesmis,OOD,path2,deep,0.6318973588763988,0.6276298731304959,-0.005306456391477421,pair,120,32,48,64,5,12035,full,0
per_graph,lesmis,0,lesmis,OOD,comm,deep,0.6092457382064453,0.6275397580517719,0.004569132116607144,deep_big,120,32,48,64,5,12035,full,0
per_graph,lesmis,0,lesmis,OOD,edge,deep_big,0.7861344278243759,0.7943734342675867,-0.001473711158051061,deep,120,32,48,64,5,56963,full,0
per_graph,lesmis,0,lesmis,OOD,path2,deep_big,0.6300091846299609,0.6276298731304959,-0.005306456391477421,pair,120,32,48,64,5,56963,full,0
per_graph,lesmis,0,lesmis,OOD,comm,deep_big,0.6229706259351647,0.6275397580517719,0.004569132116607144,deep_big,120,32,48,64,5,56963,full,0
per_graph,lesmis,0,lesmis,OOD,edge,gcn,0.7757443291660774,0.7943734342675867,-0.001473711158051061,deep,120,32,48,64,5,31747,full,0
per_graph,lesmis,0,lesmis,OOD,path2,gcn,0.6276534957001367,0.6276298731304959,-0.005306456391477421,pair,120,32,48,64,5,31747,full,0
per_graph,lesmis,0,lesmis,OOD,comm,gcn,0.5650734803015083,0.6275397580517719,0.004569132116607144,deep_big,120,32,48,64,5,31747,full,0
per_graph,lesmis,0,lesmis,OOD,edge,closure,0.7943734342675867,0.7943734342675867,-0.001473711158051061,deep,120,32,48,64,5,60611,full,0
per_graph,lesmis,0,lesmis,OOD,path2,closure,0.6276298731304959,0.6276298731304959,-0.005306456391477421,pair,120,32,48,64,5,60611,full,0
per_graph,lesmis,0,lesmis,OOD,comm,closure,0.6275397580517719,0.6275397580517719,0.004569132116607144,deep_big,120,32,48,64,5,60611,full,0
per_graph,lesmis,0,lesmis,OOD,edge,closure_i1,0.7947283196191129,0.7943734342675867,-0.001473711158051061,deep,120,32,48,64,5,-1,full,0
per_graph,lesmis,0,lesmis,OOD,path2,closure_i1,0.6273718953406686,0.6276298731304959,-0.005306456391477421,pair,120,32,48,64,5,-1,full,0
per_graph,lesmis,0,lesmis,OOD,comm,closure_i1,0.6108462409436624,0.6275397580517719,0.004569132116607144,deep_big,120,32,48,64,5,-1,full,0
per_graph,lesmis,0,lesmis,OOD,edge,closure_i2,0.7956561867343916,0.7943734342675867,-0.001473711158051061,deep,120,32,48,64,5,-1,full,0
per_graph,lesmis,0,lesmis,OOD,path2,closure_i2,0.6272193356511591,0.6276298731304959,-0.005306456391477421,pair,120,32,48,64,5,-1,full,0
per_graph,lesmis,0,lesmis,OOD,comm,closure_i2,0.6107790768823501,0.6275397580517719,0.004569132116607144,deep_big,120,32,48,64,5,-1,full,0
per_graph,lesmis,0,lesmis,OOD,edge,closure_i3,0.795843128481183,0.7943734342675867,-0.001473711158051061,deep,120,32,48,64,5,-1,full,0
per_graph,lesmis,0,lesmis,OOD,path2,closure_i3,0.6258511661216086,0.6276298731304959,-0.005306456391477421,pair,120,32,48,64,5,-1,full,0
per_graph,lesmis,0,lesmis,OOD,comm,closure_i3,0.6135716063188724,0.6275397580517719,0.004569132116607144,deep_big,120,32,48,64,5,-1,full,0
per_graph,lesmis,0,lesmis,OOD,edge,closure_i5,0.7943734342675867,0.7943734342675867,-0.001473711158051061,deep,120,32,48,64,5,-1,full,0
per_graph,lesmis,0,lesmis,OOD,path2,closure_i5,0.6276298731304959,0.6276298731304959,-0.005306456391477421,pair,120,32,48,64,5,-1,full,0
per_graph,lesmis,0,lesmis,OOD,comm,closure_i5,0.6275397580517719,0.6275397580517719,0.004569132116607144,deep_big,120,32,48,64,5,-1,full,0
per_graph,florentine,0,florentine,IN,edge,raw,0.8533318014705882,0.8717826933019301,-0.004663857852711506,deep_big,120,32,48,64,5,-1,full,0
per_graph,florentine,0,florentine,IN,path2,raw,0.7327339647411854,0.7443666565445072,-0.004194324032668284,deep,120,32,48,64,5,-1,full,0
per_graph,florentine,0,florentine,IN,comm,raw,0.5813633221174804,0.7339221851245779,0.004085564052113022,deep_big,120,32,48,64,5,-1,full,0
per_graph,florentine,0,florentine,IN,edge,cn,0.4992311724494486,0.8717826933019301,-0.004663857852711506,deep_big,120,32,48,64,5,-1,full,0
per_graph,florentine,0,florentine,IN,path2,cn,0.7416359399908571,0.7443666565445072,-0.004194324032668284,deep,120,32,48,64,5,-1,full,0
per_graph,florentine,0,florentine,IN,comm,cn,0.5553699017818221,0.7339221851245779,0.004085564052113022,deep_big,120,32,48,64,5,-1,full,0
per_graph,florentine,0,florentine,IN,edge,jaccard,0.47932969037224266,0.8717826933019301,-0.004663857852711506,deep_big,120,32,48,64,5,-1,full,0
per_graph,florentine,0,florentine,IN,path2,jaccard,0.7433868660036103,0.7443666565445072,-0.004194324032668284,deep,120,32,48,64,5,-1,full,0
per_graph,florentine,0,florentine,IN,comm,jaccard,0.5603960165274902,0.7339221851245779,0.004085564052113022,deep_big,120,32,48,64,5,-1,full,0
per_graph,florentine,0,florentine,IN,edge,spectral,0.49710205078125,0.8717826933019301,-0.004663857852711506,deep_big,120,32,48,64,5,-1,full,0
per_graph,florentine,0,florentine,IN,path2,spectral,0.7434002818331535,0.7443666565445072,-0.004194324032668284,deep,120,32,48,64,5,-1,full,0
per_graph,florentine,0,florentine,IN,comm,spectral,0.5813633221174804,0.7339221851245779,0.004085564052113022,deep_big,120,32,48,64,5,-1,full,0
per_graph,florentine,0,florentine,IN,edge,pair,0.8593748922909008,0.8717826933019301,-0.004663857852711506,deep_big,120,32,48,64,5,4931,full,0
per_graph,florentine,0,florentine,IN,path2,pair,0.7350617027425802,0.7443666565445072,-0.004194324032668284,deep,120,32,48,64,5,4931,full,0
per_graph,florentine,0,florentine,IN,comm,pair,0.7097451327256568,0.7339221851245779,0.004085564052113022,deep_big,120,32,48,64,5,4931,full,0
per_graph,florentine,0,florentine,IN,edge,deep,0.8691624899471508,0.8717826933019301,-0.004663857852711506,deep_big,120,32,48,64,5,12035,full,0
per_graph,florentine,0,florentine,IN,path2,deep,0.7485609805771755,0.7443666565445072,-0.004194324032668284,deep,120,32,48,64,5,12035,full,0
per_graph,florentine,0,florentine,IN,comm,deep,0.6848335033306996,0.7339221851245779,0.004085564052113022,deep_big,120,32,48,64,5,12035,full,0
per_graph,florentine,0,florentine,IN,edge,deep_big,0.8764465511546417,0.8717826933019301,-0.004663857852711506,deep_big,120,32,48,64,5,56963,full,0
per_graph,florentine,0,florentine,IN,path2,deep_big,0.7419571644009635,0.7443666565445072,-0.004194324032668284,deep,120,32,48,64,5,56963,full,0
per_graph,florentine,0,florentine,IN,comm,deep_big,0.7298366210724648,0.7339221851245779,0.004085564052113022,deep_big,120,32,48,64,5,56963,full,0
per_graph,florentine,0,florentine,IN,edge,gcn,0.8434721284754136,0.8717826933019301,-0.004663857852711506,deep_big,120,32,48,64,5,31747,full,0
per_graph,florentine,0,florentine,IN,path2,gcn,0.747993669559968,0.7443666565445072,-0.004194324032668284,deep,120,32,48,64,5,31747,full,0
per_graph,florentine,0,florentine,IN,comm,gcn,0.6573120356645393,0.7339221851245779,0.004085564052113022,deep_big,120,32,48,64,5,31747,full,0
per_graph,florentine,0,florentine,IN,edge,closure,0.8717826933019301,0.8717826933019301,-0.004663857852711506,deep_big,120,32,48,64,5,60611,full,0
per_graph,florentine,0,florentine,IN,path2,closure,0.7443666565445072,0.7443666565445072,-0.004194324032668284,deep,120,32,48,64,5,60611,full,0
per_graph,florentine,0,florentine,IN,comm,closure,0.7339221851245779,0.7339221851245779,0.004085564052113022,deep_big,120,32,48,64,5,60611,full,0
per_graph,florentine,0,florentine,IN,edge,closure_i1,0.8618668141084558,0.8717826933019301,-0.004663857852711506,deep_big,120,32,48,64,5,-1,full,0
per_graph,florentine,0,florentine,IN,path2,closure_i1,0.7408140258331184,0.7443666565445072,-0.004194324032668284,deep,120,32,48,64,5,-1,full,0
per_graph,florentine,0,florentine,IN,comm,closure_i1,0.7245630931105943,0.7339221851245779,0.004085564052113022,deep_big,120,32,48,64,5,-1,full,0
per_graph,florentine,0,florentine,IN,edge,closure_i2,0.866174118939568,0.8717826933019301,-0.004663857852711506,deep_big,120,32,48,64,5,-1,full,0
per_graph,florentine,0,florentine,IN,path2,closure_i2,0.7431988040039795,0.7443666565445072,-0.004194324032668284,deep,120,32,48,64,5,-1,full,0
per_graph,florentine,0,florentine,IN,comm,closure_i2,0.7288835653556152,0.7339221851245779,0.004085564052113022,deep_big,120,32,48,64,5,-1,full,0
per_graph,florentine,0,florentine,IN,edge,closure_i3,0.8696301449046415,0.8717826933019301,-0.004663857852711506,deep_big,120,32,48,64,5,-1,full,0
per_graph,florentine,0,florentine,IN,path2,closure_i3,0.7448326505759741,0.7443666565445072,-0.004194324032668284,deep,120,32,48,64,5,-1,full,0
per_graph,florentine,0,florentine,IN,comm,closure_i3,0.7312659984478871,0.7339221851245779,0.004085564052113022,deep_big,120,32,48,64,5,-1,full,0
per_graph,florentine,0,florentine,IN,edge,closure_i5,0.8717826933019301,0.8717826933019301,-0.004663857852711506,deep_big,120,32,48,64,5,-1,full,0
per_graph,florentine,0,florentine,IN,path2,closure_i5,0.7443666565445072,0.7443666565445072,-0.004194324032668284,deep,120,32,48,64,5,-1,full,0
per_graph,florentine,0,florentine,IN,comm,closure_i5,0.7339221851245779,0.7339221851245779,0.004085564052113022,deep_big,120,32,48,64,5,-1,full,0
per_graph,florentine,0,florentine,OOD,edge,raw,0.7056066176470588,0.7217887429630055,-0.003465612074908031,deep_big,120,32,48,64,5,-1,full,0
per_graph,florentine,0,florentine,OOD,path2,raw,0.5708546277194297,0.5816918249337725,0.0005815624743586989,gcn,120,32,48,64,5,-1,full,0
per_graph,florentine,0,florentine,OOD,comm,raw,0.5137299302358054,0.6205995355155434,0.0033980139255940234,deep_big,120,32,48,64,5,-1,full,0
per_graph,florentine,0,florentine,OOD,edge,cn,0.4793458467371324,0.7217887429630055,-0.003465612074908031,deep_big,120,32,48,64,5,-1,full,0
per_graph,florentine,0,florentine,OOD,path2,cn,0.5779164365065875,0.5816918249337725,0.0005815624743586989,gcn,120,32,48,64,5,-1,full,0
per_graph,florentine,0,florentine,OOD,comm,cn,0.5103047777490192,0.6205995355155434,0.0033980139255940234,deep_big,120,32,48,64,5,-1,full,0
per_graph,florentine,0,florentine,OOD,edge,jaccard,0.46411276424632353,0.7217887429630055,-0.003465612074908031,deep_big,120,32,48,64,5,-1,full,0
per_graph,florentine,0,florentine,OOD,path2,jaccard,0.5804108192575487,0.5816918249337725,0.0005815624743586989,gcn,120,32,48,64,5,-1,full,0
per_graph,florentine,0,florentine,OOD,comm,jaccard,0.5105369454793756,0.6205995355155434,0.0033980139255940234,deep_big,120,32,48,64,5,-1,full,0
per_graph,florentine,0,florentine,OOD,edge,spectral,0.469432373046875,0.7217887429630055,-0.003465612074908031,deep_big,120,32,48,64,5,-1,full,0
per_graph,florentine,0,florentine,OOD,path2,spectral,0.5799155324719852,0.5816918249337725,0.0005815624743586989,gcn,120,32,48,64,5,-1,full,0
per_graph,florentine,0,florentine,OOD,comm,spectral,0.5137299302358054,0.6205995355155434,0.0033980139255940234,deep_big,120,32,48,64,5,-1,full,0
per_graph,florentine,0,florentine,OOD,edge,pair,0.711808256261489,0.7217887429630055,-0.003465612074908031,deep_big,120,32,48,64,5,4931,full,0
per_graph,florentine,0,florentine,OOD,path2,pair,0.5743052202870053,0.5816918249337725,0.0005815624743586989,gcn,120,32,48,64,5,4931,full,0
per_graph,florentine,0,florentine,OOD,comm,pair,0.6078971723109198,0.6205995355155434,0.0033980139255940234,deep_big,120,32,48,64,5,4931,full,0
per_graph,florentine,0,florentine,OOD,edge,deep,0.7055141493853401,0.7217887429630055,-0.003465612074908031,deep_big,120,32,48,64,5,12035,full,0
per_graph,florentine,0,florentine,OOD,path2,deep,0.5773147960757279,0.5816918249337725,0.0005815624743586989,gcn,120,32,48,64,5,12035,full,0
per_graph,florentine,0,florentine,OOD,comm,deep,0.5926157810839758,0.6205995355155434,0.0033980139255940234,deep_big,120,32,48,64,5,12035,full,0
per_graph,florentine,0,florentine,OOD,edge,deep_big,0.7252543550379136,0.7217887429630055,-0.003465612074908031,deep_big,120,32,48,64,5,56963,full,0
per_graph,florentine,0,florentine,OOD,path2,deep_big,0.5785149977069464,0.5816918249337725,0.0005815624743586989,gcn,120,32,48,64,5,56963,full,0
per_graph,florentine,0,florentine,OOD,comm,deep_big,0.6172015215899493,0.6205995355155434,0.0033980139255940234,deep_big,120,32,48,64,5,56963,full,0
per_graph,florentine,0,florentine,OOD,edge,gcn,0.7032324398265165,0.7217887429630055,-0.003465612074908031,deep_big,120,32,48,64,5,31747,full,0
per_graph,florentine,0,florentine,OOD,path2,gcn,0.5811102624594138,0.5816918249337725,0.0005815624743586989,gcn,120,32,48,64,5,31747,full,0
per_graph,florentine,0,florentine,OOD,comm,gcn,0.5829663995877492,0.6205995355155434,0.0033980139255940234,deep_big,120,32,48,64,5,31747,full,0
per_graph,florentine,0,florentine,OOD,edge,closure,0.7217887429630055,0.7217887429630055,-0.003465612074908031,deep_big,120,32,48,64,5,60611,full,0
per_graph,florentine,0,florentine,OOD,path2,closure,0.5816918249337725,0.5816918249337725,0.0005815624743586989,gcn,120,32,48,64,5,60611,full,0
per_graph,florentine,0,florentine,OOD,comm,closure,0.6205995355155434,0.6205995355155434,0.0033980139255940234,deep_big,120,32,48,64,5,60611,full,0
per_graph,florentine,0,florentine,OOD,edge,closure_i1,0.7168091538373162,0.7217887429630055,-0.003465612074908031,deep_big,120,32,48,64,5,-1,full,0
per_graph,florentine,0,florentine,OOD,path2,closure_i1,0.5762372828925004,0.5816918249337725,0.0005815624743586989,gcn,120,32,48,64,5,-1,full,0
per_graph,florentine,0,florentine,OOD,comm,closure_i1,0.6178915860243434,0.6205995355155434,0.0033980139255940234,deep_big,120,32,48,64,5,-1,full,0
per_graph,florentine,0,florentine,OOD,edge,closure_i2,0.720787945915671,0.7217887429630055,-0.003465612074908031,deep_big,120,32,48,64,5,-1,full,0
per_graph,florentine,0,florentine,OOD,path2,closure_i2,0.5762868825421688,0.5816918249337725,0.0005815624743586989,gcn,120,32,48,64,5,-1,full,0
per_graph,florentine,0,florentine,OOD,comm,closure_i2,0.6196523332138527,0.6205995355155434,0.0033980139255940234,deep_big,120,32,48,64,5,-1,full,0
per_graph,florentine,0,florentine,OOD,edge,closure_i3,0.722675547880285,0.7217887429630055,-0.003465612074908031,deep_big,120,32,48,64,5,-1,full,0
per_graph,florentine,0,florentine,OOD,path2,closure_i3,0.5774953259799325,0.5816918249337725,0.0005815624743586989,gcn,120,32,48,64,5,-1,full,0
per_graph,florentine,0,florentine,OOD,comm,closure_i3,0.6201379804270312,0.6205995355155434,0.0033980139255940234,deep_big,120,32,48,64,5,-1,full,0
per_graph,florentine,0,florentine,OOD,edge,closure_i5,0.7217887429630055,0.7217887429630055,-0.003465612074908031,deep_big,120,32,48,64,5,-1,full,0
per_graph,florentine,0,florentine,OOD,path2,closure_i5,0.5816918249337725,0.5816918249337725,0.0005815624743586989,gcn,120,32,48,64,5,-1,full,0
per_graph,florentine,0,florentine,OOD,comm,closure_i5,0.6205995355155434,0.6205995355155434,0.0033980139255940234,deep_big,120,32,48,64,5,-1,full,0
per_graph,davis,0,davis,IN,edge,raw,0.8450391067139662,0.9067967628138005,0.006188886997513743,deep,120,32,48,64,5,-1,full,0
per_graph,davis,0,davis,IN,path2,raw,0.7257671716536752,0.8823014816068042,0.029025507712641785,deep_big,120,32,48,64,5,-1,full,0
per_graph,davis,0,davis,IN,comm,raw,0.5764855654174391,0.6909781880925713,0.014153934832535131,deep_big,120,32,48,64,5,-1,full,0
per_graph,davis,0,davis,IN,edge,cn,0.36741786757011263,0.9067967628138005,0.006188886997513743,deep,120,32,48,64,5,-1,full,0
per_graph,davis,0,davis,IN,path2,cn,0.8089081166086507,0.8823014816068042,0.029025507712641785,deep_big,120,32,48,64,5,-1,full,0
per_graph,davis,0,davis,IN,comm,cn,0.5515401847020049,0.6909781880925713,0.014153934832535131,deep_big,120,32,48,64,5,-1,full,0
per_graph,davis,0,davis,IN,edge,jaccard,0.32514867889747195,0.9067967628138005,0.006188886997513743,deep,120,32,48,64,5,-1,full,0
per_graph,davis,0,davis,IN,path2,jaccard,0.8313599932194755,0.8823014816068042,0.029025507712641785,deep_big,120,32,48,64,5,-1,full,0
per_graph,davis,0,davis,IN,comm,jaccard,0.5644630309896549,0.6909781880925713,0.014153934832535131,deep_big,120,32,48,64,5,-1,full,0
per_graph,davis,0,davis,IN,edge,spectral,0.37233247233823297,0.9067967628138005,0.006188886997513743,deep,120,32,48,64,5,-1,full,0
per_graph,davis,0,davis,IN,path2,spectral,0.7626261157907971,0.8823014816068042,0.029025507712641785,deep_big,120,32,48,64,5,-1,full,0
per_graph,davis,0,davis,IN,comm,spectral,0.5764855654174391,0.6909781880925713,0.014153934832535131,deep_big,120,32,48,64,5,-1,full,0
per_graph,davis,0,davis,IN,edge,pair,0.8757829814890142,0.9067967628138005,0.006188886997513743,deep,120,32,48,64,5,4931,full,0
per_graph,davis,0,davis,IN,path2,pair,0.8475436303913518,0.8823014816068042,0.029025507712641785,deep_big,120,32,48,64,5,4931,full,0
per_graph,davis,0,davis,IN,comm,pair,0.6472203691331151,0.6909781880925713,0.014153934832535131,deep_big,120,32,48,64,5,4931,full,0
per_graph,davis,0,davis,IN,edge,deep,0.9006078758162868,0.9067967628138005,0.006188886997513743,deep,120,32,48,64,5,12035,full,0
per_graph,davis,0,davis,IN,path2,deep,0.8460203558768583,0.8823014816068042,0.029025507712641785,deep_big,120,32,48,64,5,12035,full,0
per_graph,davis,0,davis,IN,comm,deep,0.6479530798955615,0.6909781880925713,0.014153934832535131,deep_big,120,32,48,64,5,12035,full,0
per_graph,davis,0,davis,IN,edge,deep_big,0.8999908011697397,0.9067967628138005,0.006188886997513743,deep,120,32,48,64,5,56963,full,0
per_graph,davis,0,davis,IN,path2,deep_big,0.8532759738941624,0.8823014816068042,0.029025507712641785,deep_big,120,32,48,64,5,56963,full,0
per_graph,davis,0,davis,IN,comm,deep_big,0.6768242532600361,0.6909781880925713,0.014153934832535131,deep_big,120,32,48,64,5,56963,full,0
per_graph,davis,0,davis,IN,edge,gcn,0.887098719670028,0.9067967628138005,0.006188886997513743,deep,120,32,48,64,5,31747,full,0
per_graph,davis,0,davis,IN,path2,gcn,0.8253825795729417,0.8823014816068042,0.029025507712641785,deep_big,120,32,48,64,5,31747,full,0
per_graph,davis,0,davis,IN,comm,gcn,0.5171869099320242,0.6909781880925713,0.014153934832535131,deep_big,120,32,48,64,5,31747,full,0
per_graph,davis,0,davis,IN,edge,closure,0.9067967628138005,0.9067967628138005,0.006188886997513743,deep,120,32,48,64,5,60611,full,0
per_graph,davis,0,davis,IN,path2,closure,0.8823014816068042,0.8823014816068042,0.029025507712641785,deep_big,120,32,48,64,5,60611,full,0
per_graph,davis,0,davis,IN,comm,closure,0.6909781880925713,0.6909781880925713,0.014153934832535131,deep_big,120,32,48,64,5,60611,full,0
per_graph,davis,0,davis,IN,edge,closure_i1,0.8980671709628982,0.9067967628138005,0.006188886997513743,deep,120,32,48,64,5,-1,full,0
per_graph,davis,0,davis,IN,path2,closure_i1,0.853344441619226,0.8823014816068042,0.029025507712641785,deep_big,120,32,48,64,5,-1,full,0
per_graph,davis,0,davis,IN,comm,closure_i1,0.6812862048052633,0.6909781880925713,0.014153934832535131,deep_big,120,32,48,64,5,-1,full,0
per_graph,davis,0,davis,IN,edge,closure_i2,0.9017165991522996,0.9067967628138005,0.006188886997513743,deep,120,32,48,64,5,-1,full,0
per_graph,davis,0,davis,IN,path2,closure_i2,0.8622796401165426,0.8823014816068042,0.029025507712641785,deep_big,120,32,48,64,5,-1,full,0
per_graph,davis,0,davis,IN,comm,closure_i2,0.6860624049856452,0.6909781880925713,0.014153934832535131,deep_big,120,32,48,64,5,-1,full,0
per_graph,davis,0,davis,IN,edge,closure_i3,0.9048450767896842,0.9067967628138005,0.006188886997513743,deep,120,32,48,64,5,-1,full,0
per_graph,davis,0,davis,IN,path2,closure_i3,0.870509521136509,0.8823014816068042,0.029025507712641785,deep_big,120,32,48,64,5,-1,full,0
per_graph,davis,0,davis,IN,comm,closure_i3,0.692705177363705,0.6909781880925713,0.014153934832535131,deep_big,120,32,48,64,5,-1,full,0
per_graph,davis,0,davis,IN,edge,closure_i5,0.9067967628138005,0.9067967628138005,0.006188886997513743,deep,120,32,48,64,5,-1,full,0
per_graph,davis,0,davis,IN,path2,closure_i5,0.8823014816068042,0.8823014816068042,0.029025507712641785,deep_big,120,32,48,64,5,-1,full,0
per_graph,davis,0,davis,IN,comm,closure_i5,0.6909781880925713,0.6909781880925713,0.014153934832535131,deep_big,120,32,48,64,5,-1,full,0
per_graph,davis,0,davis,OOD,edge,raw,0.6967435227617813,0.7284116910070841,-0.0013982869029174338,deep,120,32,48,64,5,-1,full,0
per_graph,davis,0,davis,OOD,path2,raw,0.5542881988098232,0.6523061743207035,0.008075871482377872,deep_big,120,32,48,64,5,-1,full,0
per_graph,davis,0,davis,OOD,comm,raw,0.5147464468967431,0.582955404294014,0.006979855414571023,pair,120,32,48,64,5,-1,full,0
per_graph,davis,0,davis,OOD,edge,cn,0.4792984885401713,0.7284116910070841,-0.0013982869029174338,deep,120,32,48,64,5,-1,full,0
per_graph,davis,0,davis,OOD,path2,cn,0.6106628433315785,0.6523061743207035,0.008075871482377872,deep_big,120,32,48,64,5,-1,full,0
per_graph,davis,0,davis,OOD,comm,cn,0.5137873696307389,0.582955404294014,0.006979855414571023,pair,120,32,48,64,5,-1,full,0
per_graph,davis,0,davis,OOD,edge,jaccard,0.43697819431887197,0.7284116910070841,-0.0013982869029174338,deep,120,32,48,64,5,-1,full,0
per_graph,davis,0,davis,OOD,path2,jaccard,0.6237703342068456,0.6523061743207035,0.008075871482377872,deep_big,120,32,48,64,5,-1,full,0
per_graph,davis,0,davis,OOD,comm,jaccard,0.5174362292975545,0.582955404294014,0.006979855414571023,pair,120,32,48,64,5,-1,full,0
per_graph,davis,0,davis,OOD,edge,spectral,0.4412485422871001,0.7284116910070841,-0.0013982869029174338,deep,120,32,48,64,5,-1,full,0
per_graph,davis,0,davis,OOD,path2,spectral,0.6085360390114252,0.6523061743207035,0.008075871482377872,deep_big,120,32,48,64,5,-1,full,0
per_graph,davis,0,davis,OOD,comm,spectral,0.5147464468967431,0.582955404294014,0.006979855414571023,pair,120,32,48,64,5,-1,full,0
per_graph,davis,0,davis,OOD,edge,pair,0.7064884443698798,0.7284116910070841,-0.0013982869029174338,deep,120,32,48,64,5,4931,full,0
per_graph,davis,0,davis,OOD,path2,pair,0.6393302991018343,0.6523061743207035,0.008075871482377872,deep_big,120,32,48,64,5,4931,full,0
per_graph,davis,0,davis,OOD,comm,pair,0.575975548879443,0.582955404294014,0.006979855414571023,pair,120,32,48,64,5,4931,full,0
per_graph,davis,0,davis,OOD,edge,deep,0.7298099779100016,0.7284116910070841,-0.0013982869029174338,deep,120,32,48,64,5,12035,full,0
per_graph,davis,0,davis,OOD,path2,deep,0.6392094458091709,0.6523061743207035,0.008075871482377872,deep_big,120,32,48,64,5,12035,full,0
per_graph,davis,0,davis,OOD,comm,deep,0.5593081625086543,0.582955404294014,0.006979855414571023,pair,120,32,48,64,5,12035,full,0
per_graph,davis,0,davis,OOD,edge,deep_big,0.7250956637570463,0.7284116910070841,-0.0013982869029174338,deep,120,32,48,64,5,56963,full,0
per_graph,davis,0,davis,OOD,path2,deep_big,0.6442303028383256,0.6523061743207035,0.008075871482377872,deep_big,120,32,48,64,5,56963,full,0
per_graph,davis,0,davis,OOD,comm,deep_big,0.5730820471863055,0.582955404294014,0.006979855414571023,pair,120,32,48,64,5,56963,full,0
per_graph,davis,0,davis,OOD,edge,gcn,0.7209244256740581,0.7284116910070841,-0.0013982869029174338,deep,120,32,48,64,5,31747,full,0
per_graph,davis,0,davis,OOD,path2,gcn,0.6270260474576144,0.6523061743207035,0.008075871482377872,deep_big,120,32,48,64,5,31747,full,0
per_graph,davis,0,davis,OOD,comm,gcn,0.5326168131197502,0.582955404294014,0.006979855414571023,pair,120,32,48,64,5,31747,full,0
per_graph,davis,0,davis,OOD,edge,closure,0.7284116910070841,0.7284116910070841,-0.0013982869029174338,deep,120,32,48,64,5,60611,full,0
per_graph,davis,0,davis,OOD,path2,closure,0.6523061743207035,0.6523061743207035,0.008075871482377872,deep_big,120,32,48,64,5,60611,full,0
per_graph,davis,0,davis,OOD,comm,closure,0.582955404294014,0.582955404294014,0.006979855414571023,pair,120,32,48,64,5,60611,full,0
per_graph,davis,0,davis,OOD,edge,closure_i1,0.7226068100575018,0.7284116910070841,-0.0013982869029174338,deep,120,32,48,64,5,-1,full,0
per_graph,davis,0,davis,OOD,path2,closure_i1,0.6417301624641166,0.6523061743207035,0.008075871482377872,deep_big,120,32,48,64,5,-1,full,0
per_graph,davis,0,davis,OOD,comm,closure_i1,0.5749747053057481,0.582955404294014,0.006979855414571023,pair,120,32,48,64,5,-1,full,0
per_graph,davis,0,davis,OOD,edge,closure_i2,0.7250128181747547,0.7284116910070841,-0.0013982869029174338,deep,120,32,48,64,5,-1,full,0
per_graph,davis,0,davis,OOD,path2,closure_i2,0.6440636678070127,0.6523061743207035,0.008075871482377872,deep_big,120,32,48,64,5,-1,full,0
per_graph,davis,0,davis,OOD,comm,closure_i2,0.5763741191223866,0.582955404294014,0.006979855414571023,pair,120,32,48,64,5,-1,full,0
per_graph,davis,0,davis,OOD,edge,closure_i3,0.7269370061111251,0.7284116910070841,-0.0013982869029174338,deep,120,32,48,64,5,-1,full,0
per_graph,davis,0,davis,OOD,path2,closure_i3,0.6474319786690135,0.6523061743207035,0.008075871482377872,deep_big,120,32,48,64,5,-1,full,0
per_graph,davis,0,davis,OOD,comm,closure_i3,0.5792261981553759,0.582955404294014,0.006979855414571023,pair,120,32,48,64,5,-1,full,0
per_graph,davis,0,davis,OOD,edge,closure_i5,0.7284116910070841,0.7284116910070841,-0.0013982869029174338,deep,120,32,48,64,5,-1,full,0
per_graph,davis,0,davis,OOD,path2,closure_i5,0.6523061743207035,0.6523061743207035,0.008075871482377872,deep_big,120,32,48,64,5,-1,full,0
per_graph,davis,0,davis,OOD,comm,closure_i5,0.582955404294014,0.582955404294014,0.006979855414571023,pair,120,32,48,64,5,-1,full,0
